-- phpMyAdmin SQL Dump
-- version 2.11.11.3
-- http://www.phpmyadmin.net
--
-- Host: localhost
-- Generation Time: Sep 02, 2013 at 05:39 PM
-- Server version: 5.1.58
-- PHP Version: 5.2.17

SET SQL_MODE="NO_AUTO_VALUE_ON_ZERO";


/*!40101 SET @OLD_CHARACTER_SET_CLIENT=@@CHARACTER_SET_CLIENT */;
/*!40101 SET @OLD_CHARACTER_SET_RESULTS=@@CHARACTER_SET_RESULTS */;
/*!40101 SET @OLD_COLLATION_CONNECTION=@@COLLATION_CONNECTION */;
/*!40101 SET NAMES utf8 */;

--
-- Database: `ai_club`
--

-- --------------------------------------------------------

--
-- Table structure for table `access_role`
--

CREATE TABLE IF NOT EXISTS `access_role` (
  `id` int(10) NOT NULL AUTO_INCREMENT,
  `user_role` int(10) DEFAULT NULL,
  `module` int(10) DEFAULT NULL,
  `module_access` varchar(50) DEFAULT NULL,
  PRIMARY KEY (`id`)
) ENGINE=MyISAM  DEFAULT CHARSET=latin1 AUTO_INCREMENT=10 ;

--
-- Dumping data for table `access_role`
--

INSERT INTO `access_role` (`id`, `user_role`, `module`, `module_access`) VALUES
(1, 1, 1, 'add,edit,view,delete,search,list'),
(2, 1, 2, 'add,edit,view,delete,search,list'),
(3, 1, 3, 'add,edit,view,delete,search,list'),
(5, 3, 1, 'add,view,search,list'),
(9, 4, 2, 'edit,view,delete,search,list'),
(8, 4, 1, 'edit,view,delete,search,list');

-- --------------------------------------------------------

--
-- Table structure for table `alliance`
--

CREATE TABLE IF NOT EXISTS `alliance` (
  `id` int(10) NOT NULL AUTO_INCREMENT,
  `alliance_id` varchar(25) NOT NULL,
  `fname` varchar(50) DEFAULT NULL,
  `lname` varchar(50) DEFAULT NULL,
  `business_name` varchar(50) DEFAULT NULL,
  `location` varchar(255) DEFAULT NULL,
  `category` varchar(50) DEFAULT NULL,
  `email` varchar(50) DEFAULT NULL,
  `contact_no` varchar(50) DEFAULT NULL,
  `status` enum('Move','Suspend','Block','Resume','Enquiry') DEFAULT 'Suspend',
  `created_by` varchar(50) DEFAULT NULL,
  `updated_by` varchar(50) DEFAULT NULL,
  `created_datetime` datetime DEFAULT NULL,
  `updated_datetime` datetime DEFAULT NULL,
  PRIMARY KEY (`id`)
) ENGINE=MyISAM  DEFAULT CHARSET=latin1 AUTO_INCREMENT=25 ;

--
-- Dumping data for table `alliance`
--

INSERT INTO `alliance` (`id`, `alliance_id`, `fname`, `lname`, `business_name`, `location`, `category`, `email`, `contact_no`, `status`, `created_by`, `updated_by`, `created_datetime`, `updated_datetime`) VALUES
(1, '1460', 'XYZ', 'XYZ', 'PQR', 'NOida', 'Sports', 'xyz@gmail.com', '99599595', 'Block', NULL, NULL, '2013-07-16 17:50:20', '2013-07-19 00:00:00'),
(3, '3732', 'XYZ', 'VVV', 'PQR', 'NOida', 'Music', 'xyz@gmail.com', '99599595', 'Block', NULL, NULL, '2013-07-16 17:50:20', '2013-07-18 00:00:00'),
(6, '6285', 'XYZ', NULL, 'PQR', 'NOida', 'Music', 'xyz@gmail.com', '99599595', 'Suspend', NULL, NULL, '2013-07-16 17:50:20', '2013-07-16 17:50:20'),
(7, '7229', 'XYZ', NULL, 'PQR', 'NOida', 'Music', 'xyz@gmail.com', '99599595', 'Suspend', NULL, NULL, '2013-07-16 17:50:20', '2013-07-16 17:50:20'),
(8, '8289', 'XYZ', NULL, 'PQR', 'NOida', 'Music', 'xyz@gmail.com', '99599595', 'Suspend', NULL, NULL, '2013-07-16 17:50:20', '2013-07-16 17:50:20'),
(9, '9758', 'XYZ', NULL, 'PQR', 'NOida', 'Music', 'xyz@gmail.com', '99599595', 'Suspend', NULL, NULL, '2013-07-16 17:50:20', '2013-07-16 17:50:20'),
(10, '10925', 'XYZ', NULL, 'PQR', 'NOida', 'Music', 'xyz@gmail.com', '99599595', 'Block', NULL, NULL, '2013-07-16 17:50:20', '2013-07-16 17:50:20'),
(11, '11356', 'XYZ', NULL, 'PQR', 'NOida', 'Music', 'xyz@gmail.com', '99599595', 'Block', NULL, NULL, '2013-07-16 17:50:20', '2013-07-16 17:50:20'),
(12, '12323', 'XYZ', NULL, 'PQR', 'NOida', 'Music', 'xyz@gmail.com', '99599595', 'Block', NULL, NULL, '2013-07-16 17:50:20', '2013-07-16 17:50:20'),
(13, '13945', 'XYZ', NULL, 'PQR', 'NOida', 'Music', 'xyz@gmail.com', '99599595', 'Block', NULL, NULL, '2013-07-16 17:50:20', '2013-07-16 17:50:20'),
(14, '14720', 'XYZ', NULL, 'PQR', 'NOida', 'Music', 'xyz@gmail.com', '99599595', 'Block', NULL, NULL, '2013-07-16 17:50:20', '2013-07-16 17:50:20'),
(15, '15765', 'XYZ', NULL, 'PQR', 'NOida', 'Music', 'xyz@gmail.com', '99599595', 'Resume', NULL, NULL, '2013-07-16 17:50:20', '2013-07-16 17:50:20'),
(16, '16666', 'XYZ', NULL, 'PQR', 'NOida', 'Music', 'xyz@gmail.com', '99599595', 'Resume', NULL, NULL, '2013-07-16 17:50:20', '2013-07-16 17:50:20'),
(17, '17373', 'XYZ', NULL, 'PQR', 'NOida', 'Music', 'xyz@gmail.com', '99599595', 'Resume', NULL, NULL, '2013-07-16 17:50:20', '2013-07-16 17:50:20'),
(18, '18186', 'XYZ', NULL, 'PQR', 'NOida', 'Music', 'xyz@gmail.com', '99599595', 'Resume', NULL, NULL, '2013-07-16 17:50:20', '2013-07-16 17:50:20'),
(19, '19820', 'XYZ', NULL, 'PQR', 'NOida', 'Music', 'xyz@gmail.com', '99599595', 'Enquiry', NULL, NULL, '2013-07-16 17:50:20', '2013-07-16 17:50:20'),
(20, '20544', 'XYZ', NULL, 'PQR', 'NOida', 'Music', 'xyz@gmail.com', '99599595', 'Enquiry', NULL, NULL, '2013-07-16 17:50:20', '2013-07-16 17:50:20'),
(21, '21263', 'XYZ', NULL, 'PQR', 'NOida', 'Music', 'xyz@gmail.com', '99599595', 'Enquiry', NULL, NULL, '2013-07-16 17:50:20', '2013-07-16 17:50:20'),
(22, '22682', 'XYZ', NULL, 'PQR', 'NOida', 'Music', 'xyz@gmail.com', '99599595', 'Enquiry', NULL, NULL, '2013-07-16 17:50:20', '2013-07-16 17:50:20'),
(24, '24621', 'DDDD', 'DDDD', 'GGGG', NULL, 'Art', 'vinay@gmail.com', '123123123', 'Suspend', NULL, NULL, '2013-07-19 00:00:00', NULL);

-- --------------------------------------------------------

--
-- Table structure for table `alliance_location`
--

CREATE TABLE IF NOT EXISTS `alliance_location` (
  `id` int(10) NOT NULL AUTO_INCREMENT,
  `alliance_id` int(10) DEFAULT NULL,
  `address` varchar(50) DEFAULT NULL,
  `city` varchar(50) DEFAULT NULL,
  `state` varchar(50) DEFAULT NULL,
  `country` varchar(50) DEFAULT NULL,
  `zipcode` int(11) DEFAULT NULL,
  `incharge_person` varchar(50) DEFAULT NULL,
  `category` varchar(50) DEFAULT NULL,
  PRIMARY KEY (`id`)
) ENGINE=MyISAM  DEFAULT CHARSET=latin1 AUTO_INCREMENT=60 ;

--
-- Dumping data for table `alliance_location`
--

INSERT INTO `alliance_location` (`id`, `alliance_id`, `address`, `city`, `state`, `country`, `zipcode`, `incharge_person`, `category`) VALUES
(51, 24, 'BBB', 'VVV', 'VVV', 'VVV', 45845, 'FFF', '2'),
(50, 24, 'GGG', 'GG', 'GGG', 'GGG', 123123, 'GGG', '1'),
(59, 1, 'BBB', 'BBB', 'BBB', 'BBB', 123456, 'BBB', '1,2'),
(58, 1, 'CCC', 'CCC', 'CCC', 'CCC', 123451, 'CCC', '2');

-- --------------------------------------------------------

--
-- Table structure for table `assessment_redeem`
--

CREATE TABLE IF NOT EXISTS `assessment_redeem` (
  `id` int(10) NOT NULL AUTO_INCREMENT,
  `first_name` varchar(50) DEFAULT NULL,
  `last_name` varchar(50) DEFAULT NULL,
  `birth_year` int(10) DEFAULT NULL,
  `birth_month` int(10) DEFAULT NULL,
  `birth_day` int(10) DEFAULT NULL,
  `birth_hour` int(10) DEFAULT NULL,
  `birth_min` int(10) DEFAULT NULL,
  `gender` char(1) DEFAULT NULL,
  `member_id` int(11) DEFAULT NULL,
  `date_added` datetime DEFAULT NULL,
  `date_updated` datetime DEFAULT NULL,
  PRIMARY KEY (`id`)
) ENGINE=MyISAM  DEFAULT CHARSET=latin1 AUTO_INCREMENT=5 ;

--
-- Dumping data for table `assessment_redeem`
--

INSERT INTO `assessment_redeem` (`id`, `first_name`, `last_name`, `birth_year`, `birth_month`, `birth_day`, `birth_hour`, `birth_min`, `gender`, `member_id`, `date_added`, `date_updated`) VALUES
(1, 'AAA', 'AAA', 2006, 8, 11, 9, 13, 'M', 1, '2013-08-13 00:00:00', NULL),
(2, 'BBB', 'BBB', 1984, 11, 9, 7, 16, 'F', 1, '2013-08-13 00:00:00', NULL),
(3, 'Louis', 'Cheng', 2013, 1, 1, 0, 0, 'M', 5, '2013-08-16 00:00:00', NULL),
(4, 'Dorothy', 'Ip', 2013, 1, 1, 0, 0, 'F', 5, '2013-08-16 00:00:00', NULL);

-- --------------------------------------------------------

--
-- Table structure for table `IQ_Assessment`
--

CREATE TABLE IF NOT EXISTS `IQ_Assessment` (
  `examinee_id` int(10) NOT NULL AUTO_INCREMENT,
  `examinee_firstn` varchar(50) DEFAULT NULL,
  `examinee_lastn` varchar(50) DEFAULT NULL,
  `examinee_birthy` int(10) DEFAULT NULL,
  `examinee_birthm` int(10) DEFAULT NULL,
  `examinee_birthd` int(10) DEFAULT NULL,
  `examinee_gender` char(1) DEFAULT NULL,
  `examinee_handedness` char(1) DEFAULT NULL,
  `member_id` varchar(50) DEFAULT NULL,
  `date_added` datetime DEFAULT NULL,
  `date_updated` datetime DEFAULT NULL,
  PRIMARY KEY (`examinee_id`)
) ENGINE=MyISAM  DEFAULT CHARSET=latin1 AUTO_INCREMENT=3 ;

--
-- Dumping data for table `IQ_Assessment`
--

INSERT INTO `IQ_Assessment` (`examinee_id`, `examinee_firstn`, `examinee_lastn`, `examinee_birthy`, `examinee_birthm`, `examinee_birthd`, `examinee_gender`, `examinee_handedness`, `member_id`, `date_added`, `date_updated`) VALUES
(1, 'AAA', 'AAA', 2013, 11, 1, 'F', 'L', '1', '2013-08-13 00:00:00', NULL),
(2, 'BBB', 'BBB', 1973, 11, 13, 'F', 'R', '1', '2013-08-13 00:00:00', NULL);

-- --------------------------------------------------------

--
-- Table structure for table `members`
--

CREATE TABLE IF NOT EXISTS `members` (
  `id` int(10) NOT NULL AUTO_INCREMENT,
  `membership_id` int(10) NOT NULL DEFAULT '0',
  `username` varchar(15) NOT NULL,
  `password` varchar(100) NOT NULL,
  `fname` varchar(20) NOT NULL,
  `lname` varchar(20) NOT NULL,
  `gender` char(1) NOT NULL,
  `birth_date` date NOT NULL,
  `occupation` varchar(50) NOT NULL,
  `education_level` varchar(50) NOT NULL,
  `income` varchar(50) NOT NULL,
  `marriage_status` varchar(50) NOT NULL,
  `address` varchar(100) NOT NULL,
  `region` varchar(40) DEFAULT NULL,
  `district` varchar(40) DEFAULT NULL,
  `contact_no` varchar(12) DEFAULT NULL,
  `email_address` varchar(50) DEFAULT NULL,
  `membership_type` varchar(100) DEFAULT NULL,
  `amount_paid` varchar(100) DEFAULT NULL,
  `status` enum('Active','Suspend','Block','Resume','Enquiry','Pending') DEFAULT 'Suspend',
  `created_by` varchar(50) DEFAULT NULL,
  `updated_by` varchar(50) DEFAULT NULL,
  `created_datetime` datetime DEFAULT NULL,
  `updated_datetime` datetime DEFAULT NULL,
  `activation` varchar(255) DEFAULT NULL,
  `verification_attempt` int(10) DEFAULT '0',
  `verified` char(1) DEFAULT 'P',
  `forgot_pass` char(1) DEFAULT 'N',
  PRIMARY KEY (`id`)
) ENGINE=MyISAM  DEFAULT CHARSET=latin1 AUTO_INCREMENT=20 ;

--
-- Dumping data for table `members`
--

INSERT INTO `members` (`id`, `membership_id`, `username`, `password`, `fname`, `lname`, `gender`, `birth_date`, `occupation`, `education_level`, `income`, `marriage_status`, `address`, `region`, `district`, `contact_no`, `email_address`, `membership_type`, `amount_paid`, `status`, `created_by`, `updated_by`, `created_datetime`, `updated_datetime`, `activation`, `verification_attempt`, `verified`, `forgot_pass`) VALUES
(1, 0, '', '5a8eaa3e637f51ba3f9df03355d7bc08', 'vinay', 'vinay', 'M', '2013-01-01', 'Studant', 'Graduate', '-', 'Single', 'Noida', 'i', 'Wong Chuk Hang|i', '9650755339', 'vinay@gmail.com', 'BP', '299', 'Active', '', 'admin', '2013-08-12 00:00:00', '2013-08-16 00:00:00', '', 0, 'D', 'N'),
(5, 123456, '', 'be8e1af4d06faeae71097914502da362', 'Louis', 'Cheng', 'M', '1989-10-03', '', '', '-', '', 'Rm B', 'i', 'Island South|i', '93599256', 'chengti1@msu.edu', NULL, NULL, 'Active', 'admin', '', '2013-08-16 00:00:00', '2013-08-28 00:00:00', '', 0, 'D', 'N'),
(10, 0, '', '', 'Dorothy ', 'Ip', 'F', '2013-01-01', '', '', '-', '', 'Rm A', 'i', 'Aberdeen/Ap Lei Chau|i', '95081848', 'dotdot_86@yahoo.com.hk', 'BP', '299', 'Pending', 'admin', NULL, '2013-08-20 00:00:00', NULL, NULL, 0, 'P', 'N'),
(9, 0, '', '', 'Louis', 'Cheng', 'M', '2013-01-01', '', '', '-', '', 'Rm B', 'i', 'Aberdeen/Ap Lei Chau|i', '93599256', 'louis_heehee@hotmail.com', 'BP', '299', 'Pending', 'admin', NULL, '2013-08-20 00:00:00', NULL, NULL, 0, 'P', 'N'),
(7, 0, '', '', 'test', 'test', 'M', '2013-01-01', 'Studant', 'Graduate', '-', 'Married', 'Noida', 'k', 'Cheung Sha Wan/Laichikok|k', '999999999', 'test@gmail.com', 'BP,MITS', '299', 'Pending', 'admin', NULL, '2013-08-16 00:00:00', NULL, NULL, 0, 'P', 'N'),
(8, 12323, '', '67a05e3822ce48a6386746388e6c81f5', 'rakesh', 'Singh', 'M', '2013-01-01', 'Studant', 'Graduate', '-', 'Single', 'Noida', 'i', 'Aberdeen/Ap Lei Chau|i', '9650755339', 'rakeshurgeat@gmail.com', 'BP,MITS', '3099', 'Active', 'admin', 'admin', '2013-08-16 00:00:00', '2013-09-02 00:00:00', '', 0, 'D', 'N'),
(11, 0, '', '67a05e3822ce48a6386746388e6c81f5', 'IQ', 'Club', 'M', '2013-01-01', 'Studant', 'Post Graduate', '-', 'Single', 'Noida', 'i', 'Causeway Bay|i', '999999999', 'rakesh@arxmind.com', 'BP,MITS', '3099', 'Active', 'admin', NULL, '2013-08-26 00:00:00', NULL, '', 0, 'D', 'N'),
(12, 0, '', '4684c65444a995936ee0cf3f99bb15e6', 'Brian', 'Ng', 'M', '2013-01-01', '', '', '-', '', 'Rm B', 'i', 'Causeway Bay|i', '93599256', 'tingheicjb@hotmail.com', 'BP', '299', 'Active', '', 'admin', '2013-08-27 00:00:00', '2013-08-29 00:00:00', '', 0, 'P', 'N'),
(13, 0, '', '', 'Brian ', 'Ng', 'M', '2013-01-01', '', '', '-', '', 'Rm B', 'i', 'Causeway Bay|i', '93599256', 'brian.ng@landmultimedia.com', 'BP', '299', 'Pending', '', NULL, '2013-08-27 00:00:00', NULL, NULL, 0, 'P', 'N'),
(14, 0, '', '', 'Dorothy ', 'Ip', 'F', '2013-01-01', '', '', '-', '', 'Rm B', 'i', 'Causeway Bay|i', '93599256', 'dorothy.ip@landmultimedia.com', 'BP', '299', 'Pending', 'admin', NULL, '2013-09-02 00:00:00', NULL, NULL, 0, 'P', 'N'),
(15, 0, '', '', 'arxmind', 'arxmind', 'M', '2013-01-01', 'Studant', 'Graduate', '-', 'Single', 'Noida', 'i', 'Cheung Sha Wan/Laichikok|k', '9898238843', 'rakeshurgreat@gmail.com', 'BP,MITS', '3099', 'Pending', 'admin', NULL, '2013-09-02 00:00:00', NULL, 'GWBRq2FuQoE1Qxx5KLSL', 0, 'P', 'N'),
(16, 0, '', '', 'test123', 'test123', 'M', '2012-01-01', 'Studant', 'Post Graduate', '-', 'Single', 'Noida', 'k', 'Central/Sheung Wan|i', '222123123123', 'vinay@arxmind.com', 'BP,IQ', '4599', 'Pending', 'admin', NULL, '2013-09-02 00:00:00', NULL, NULL, 0, 'P', 'N'),
(17, 0, '', '', 'test123', 'test123', 'M', '2013-01-01', 'studant', 'Graduate', '-', 'Married', 'Noida', 'k', 'Cheung Sha Wan/Laichikok|k', '222123123123', 'rakesh@gmil.com', 'BP,MITS', '3099', 'Pending', 'admin', NULL, '2013-09-02 00:00:00', NULL, NULL, 0, 'P', 'N'),
(18, 0, '', '', 'DDDDsss', 'DDDD', 'M', '2013-01-01', 'studant', 'Graduate', '-', 'Single', 'Texas', 'i', 'Cheung Sha Wan/Laichikok|k', '222123123123', 'rakesh@gm1il.com', 'BP,IQ', '4599', 'Pending', 'admin', NULL, '2013-09-02 00:00:00', NULL, NULL, 0, 'P', 'N'),
(19, 0, '', '', 'rakesh', 'singh', 'M', '2013-01-01', 'studant', 'Post Graduate', '-', 'Single', 'Noida', 'k', 'Wong Chuk Hang|i', '999999999', 'neeru.r.singh@gmail.com', 'BP,IQ', '4599', 'Pending', 'admin', NULL, '2013-09-02 00:00:00', NULL, NULL, 0, 'P', 'N');

-- --------------------------------------------------------

--
-- Table structure for table `members_children`
--

CREATE TABLE IF NOT EXISTS `members_children` (
  `id` int(10) NOT NULL AUTO_INCREMENT,
  `member_id` int(10) DEFAULT NULL,
  `name` varchar(50) DEFAULT NULL,
  `gender` enum('M','F') DEFAULT NULL,
  `birth_date` datetime DEFAULT NULL,
  PRIMARY KEY (`id`)
) ENGINE=MyISAM  DEFAULT CHARSET=latin1 AUTO_INCREMENT=13 ;

--
-- Dumping data for table `members_children`
--

INSERT INTO `members_children` (`id`, `member_id`, `name`, `gender`, `birth_date`) VALUES
(1, 1, 'Divya', 'M', '2012-01-01 00:00:00'),
(12, 8, 'Kabir', 'M', '2008-02-01 00:00:00');

-- --------------------------------------------------------

--
-- Table structure for table `module_access_property`
--

CREATE TABLE IF NOT EXISTS `module_access_property` (
  `id` int(10) NOT NULL AUTO_INCREMENT,
  `module_name` varchar(10) DEFAULT NULL,
  `access_1` varchar(10) DEFAULT NULL,
  `access_2` varchar(10) DEFAULT NULL,
  `access_3` varchar(10) DEFAULT NULL,
  `access_4` varchar(10) DEFAULT NULL,
  `access_5` varchar(10) DEFAULT NULL,
  `access_6` varchar(10) DEFAULT NULL,
  `module_status` varchar(50) DEFAULT 'Inactive',
  PRIMARY KEY (`id`)
) ENGINE=MyISAM  DEFAULT CHARSET=latin1 AUTO_INCREMENT=4 ;

--
-- Dumping data for table `module_access_property`
--

INSERT INTO `module_access_property` (`id`, `module_name`, `access_1`, `access_2`, `access_3`, `access_4`, `access_5`, `access_6`, `module_status`) VALUES
(1, 'Members', 'ADD', 'EDIT', 'VIEW', 'DELETE', 'SEARCH', 'LIST', 'Active'),
(2, 'Alliances', 'ADD', 'EDIT', 'VIEW', 'DELETE', 'SEARCH', 'LIST', 'Active'),
(3, 'Forum', 'ADD', 'EDIT', 'VIEW', 'DELETE', 'SEARCH', 'LIST', 'Active');

-- --------------------------------------------------------

--
-- Table structure for table `news`
--

CREATE TABLE IF NOT EXISTS `news` (
  `id` int(10) NOT NULL AUTO_INCREMENT,
  `news_title` varchar(50) DEFAULT NULL,
  `news_desc` text,
  `created_by` int(8) DEFAULT NULL,
  `created_datetime` datetime DEFAULT NULL,
  `updated_by` int(8) DEFAULT NULL,
  `updated_datetime` datetime DEFAULT NULL,
  `admin_status` enum('Pending','Approve','Disapprove') DEFAULT 'Pending',
  `status` enum('Active','Inactive','Publish') DEFAULT 'Inactive',
  PRIMARY KEY (`id`)
) ENGINE=MyISAM  DEFAULT CHARSET=latin1 AUTO_INCREMENT=16 ;

--
-- Dumping data for table `news`
--

INSERT INTO `news` (`id`, `news_title`, `news_desc`, `created_by`, `created_datetime`, `updated_by`, `updated_datetime`, `admin_status`, `status`) VALUES
(1, 'New Alliance Added', 'L&amp;D Multimedia has added a new alliance, <a href="http://www.google.com">WhatCheers Studio</a>.', 5, '2013-08-20 12:35:26', NULL, NULL, 'Approve', 'Active'),
(12, 'L&D Multimedia on stock', 'L&amp;D Multimedia on stock gained USD 5 million for IPO.', 1, '2013-08-20 12:36:05', NULL, NULL, 'Approve', 'Active'),
(13, 'AI Club', 'AI Club is located in North Point.', 5, '2013-08-20 12:36:23', NULL, NULL, 'Pending', 'Active'),
(14, 'è¡Œæ”¿é•·å®˜è½å€', 'å””è©²å“‚', 5, '2013-08-20 12:39:04', NULL, NULL, 'Approve', 'Active'),
(15, 'News Update', 'News Update', 1, '2013-08-20 13:54:39', NULL, NULL, 'Approve', 'Active');

-- --------------------------------------------------------

--
-- Table structure for table `payment_log`
--

CREATE TABLE IF NOT EXISTS `payment_log` (
  `id` int(10) NOT NULL AUTO_INCREMENT,
  `member_id` int(10) DEFAULT NULL,
  `log` text,
  `log_details` text,
  `datetime` timestamp NULL DEFAULT CURRENT_TIMESTAMP,
  PRIMARY KEY (`id`)
) ENGINE=MyISAM  DEFAULT CHARSET=latin1 AUTO_INCREMENT=135 ;

--
-- Dumping data for table `payment_log`
--

INSERT INTO `payment_log` (`id`, `member_id`, `log`, `log_details`, `datetime`) VALUES
(1, 1, 'Payment Initialize', 'a:9:{s:4:"USER";s:43:"rakesh.r.singh-facilitator_api1.hotmail.com";s:3:"PWD";s:10:"1365084092";s:9:"SIGNATURE";s:56:"ApWtLka4wULT62MRX9srLoCdTAgEAQ8TaH1gX7YKJYYplhlApLOtxPkz";s:7:"VERSION";s:2:"93";s:13:"PAYMENTACTION";s:4:"Sale";s:9:"IPADDRESS";s:12:"192.168.1.62";s:12:"CURRENCYCODE";s:3:"HKD";s:9:"RETURNURL";s:62:"http://125.63.74.122/aiclub/index.php?model=member&action=paid";s:9:"CANCELURL";s:64:"http://125.63.74.122/aiclub/index.php?model=member&action=cancel";}', '2013-08-12 19:31:28'),
(2, 1, 'Ready To payment', '&USER=rakesh.r.singh-facilitator_api1.hotmail.com&PWD=1365084092&SIGNATURE=ApWtLka4wULT62MRX9srLoCdTAgEAQ8TaH1gX7YKJYYplhlApLOtxPkz&VERSION=93&PAYMENTACTION=Sale&IPADDRESS=192.168.1.62&CURRENCYCODE=HKD&RETURNURL=http%3A%2F%2F125.63.74.122%2Faiclub%2Findex.php%3Fmodel%3Dmember%26action%3Dpaid&CANCELURL=http%3A%2F%2F125.63.74.122%2Faiclub%2Findex.php%3Fmodel%3Dmember%26action%3Dcancel&PAYMENTREQUEST_0_PAYMENTREQUESTID=0&PAYMENTREQUEST_0_CURRENCYCODE=HKD&PAYMENTREQUEST_0_AMT=299&PAYMENTREQUEST_0_ITEMAMT=299&L_PAYMENTREQUEST_0_QTY0=1&L_PAYMENTREQUEST_0_AMT0=299&L_PAYMENTREQUEST_0_NAME0=AI%2BClub%2BBasic%2BPreliminary%2BMembership&L_PAYMENTREQUEST_0_NUMBER0=BP&PAYMENTREQUEST_0_SELLERPAYPALACCOUNTID=rakesh.r.singh%40hotmail.com&METHOD=SetExpressCheckout&AMT=299&ALLOWNOTE=1', '2013-08-12 19:31:28'),
(3, 1, 'Payment sent', '&USER=rakesh.r.singh-facilitator_api1.hotmail.com&PWD=1365084092&SIGNATURE=ApWtLka4wULT62MRX9srLoCdTAgEAQ8TaH1gX7YKJYYplhlApLOtxPkz&VERSION=93&PAYMENTACTION=Sale&IPADDRESS=192.168.1.62&CURRENCYCODE=HKD&RETURNURL=http%3A%2F%2F125.63.74.122%2Faiclub%2Findex.php%3Fmodel%3Dmember%26action%3Dpaid&CANCELURL=http%3A%2F%2F125.63.74.122%2Faiclub%2Findex.php%3Fmodel%3Dmember%26action%3Dcancel&PAYMENTREQUEST_0_PAYMENTREQUESTID=0&PAYMENTREQUEST_0_CURRENCYCODE=HKD&PAYMENTREQUEST_0_AMT=299&PAYMENTREQUEST_0_ITEMAMT=299&L_PAYMENTREQUEST_0_QTY0=1&L_PAYMENTREQUEST_0_AMT0=299&L_PAYMENTREQUEST_0_NAME0=AI%2BClub%2BBasic%2BPreliminary%2BMembership&L_PAYMENTREQUEST_0_NUMBER0=BP&PAYMENTREQUEST_0_SELLERPAYPALACCOUNTID=rakesh.r.singh%40hotmail.com&METHOD=SetExpressCheckout&AMT=299&ALLOWNOTE=1', '2013-08-12 19:31:38'),
(4, 1, 'Payment Response', 'TOKEN=EC%2d9WU50694RW8386808&TIMESTAMP=2013%2d08%2d12T14%3a01%3a38Z&CORRELATIONID=88995f0dc9a14&ACK=Success&VERSION=93&BUILD=7161310', '2013-08-12 19:31:38'),
(5, 1, 'Paypal Redirect', 'https://www.sandbox.paypal.com/cgi-bin/webscr?cmd=_express-checkout&token=EC-9WU50694RW8386808', '2013-08-12 19:31:38'),
(6, 1, 'Payment Initialize', 'a:9:{s:4:"USER";s:43:"rakesh.r.singh-facilitator_api1.hotmail.com";s:3:"PWD";s:10:"1365084092";s:9:"SIGNATURE";s:56:"ApWtLka4wULT62MRX9srLoCdTAgEAQ8TaH1gX7YKJYYplhlApLOtxPkz";s:7:"VERSION";s:2:"93";s:13:"PAYMENTACTION";s:4:"Sale";s:9:"IPADDRESS";s:12:"192.168.1.62";s:12:"CURRENCYCODE";s:3:"HKD";s:9:"RETURNURL";s:62:"http://125.63.74.122/aiclub/index.php?model=member&action=paid";s:9:"CANCELURL";s:64:"http://125.63.74.122/aiclub/index.php?model=member&action=cancel";}', '2013-08-12 19:32:05'),
(7, 1, 'Final Payment', '&USER=rakesh.r.singh-facilitator_api1.hotmail.com&PWD=1365084092&SIGNATURE=ApWtLka4wULT62MRX9srLoCdTAgEAQ8TaH1gX7YKJYYplhlApLOtxPkz&VERSION=93&PAYMENTACTION=SALE&IPADDRESS=192.168.1.62&CURRENCYCODE=HKD&RETURNURL=http%3A%2F%2F125.63.74.122%2Faiclub%2Findex.php%3Fmodel%3Dmember%26action%3Dpaid&CANCELURL=http%3A%2F%2F125.63.74.122%2Faiclub%2Findex.php%3Fmodel%3Dmember%26action%3Dcancel&PAYMENTREQUEST_0_AMT=299&PAYMENTREQUEST_0_CURRENCYCODE=HKD&PAYMENTREQUEST_0_SELLERPAYPALACCOUNTID=rakesh.r.singh%40hotmail.com&PAYMENTREQUEST_0_PAYMENTREQUESTID=0&METHOD=DoExpressCheckoutPayment&TOKEN=EC-9WU50694RW8386808&PAYERID=4PC56E5A36KP2&AMT=299', '2013-08-12 19:32:05'),
(8, 1, 'Payment sent', '&USER=rakesh.r.singh-facilitator_api1.hotmail.com&PWD=1365084092&SIGNATURE=ApWtLka4wULT62MRX9srLoCdTAgEAQ8TaH1gX7YKJYYplhlApLOtxPkz&VERSION=93&PAYMENTACTION=SALE&IPADDRESS=192.168.1.62&CURRENCYCODE=HKD&RETURNURL=http%3A%2F%2F125.63.74.122%2Faiclub%2Findex.php%3Fmodel%3Dmember%26action%3Dpaid&CANCELURL=http%3A%2F%2F125.63.74.122%2Faiclub%2Findex.php%3Fmodel%3Dmember%26action%3Dcancel&PAYMENTREQUEST_0_AMT=299&PAYMENTREQUEST_0_CURRENCYCODE=HKD&PAYMENTREQUEST_0_SELLERPAYPALACCOUNTID=rakesh.r.singh%40hotmail.com&PAYMENTREQUEST_0_PAYMENTREQUESTID=0&METHOD=DoExpressCheckoutPayment&TOKEN=EC-9WU50694RW8386808&PAYERID=4PC56E5A36KP2&AMT=299', '2013-08-12 19:32:08'),
(9, 1, 'Payment Response', 'TOKEN=EC%2d9WU50694RW8386808&SUCCESSPAGEREDIRECTREQUESTED=false&TIMESTAMP=2013%2d08%2d12T14%3a02%3a08Z&CORRELATIONID=f3e4ece6a5868&ACK=Success&VERSION=93&BUILD=7161310&INSURANCEOPTIONSELECTED=false&SHIPPINGOPTIONISDEFAULT=false&PAYMENTINFO_0_TRANSACTIONID=1BK107353K774994T&PAYMENTINFO_0_TRANSACTIONTYPE=expresscheckout&PAYMENTINFO_0_PAYMENTTYPE=instant&PAYMENTINFO_0_ORDERTIME=2013%2d08%2d12T14%3a02%3a07Z&PAYMENTINFO_0_AMT=299%2e00&PAYMENTINFO_0_TAXAMT=0%2e00&PAYMENTINFO_0_CURRENCYCODE=HKD&PAYMENTINFO_0_PAYMENTSTATUS=Pending&PAYMENTINFO_0_PENDINGREASON=unilateral&PAYMENTINFO_0_REASONCODE=None&PAYMENTINFO_0_PROTECTIONELIGIBILITY=Ineligible&PAYMENTINFO_0_PROTECTIONELIGIBILITYTYPE=None&PAYMENTINFO_0_SELLERPAYPALACCOUNTID=rakesh%2er%2esingh%40hotmail%2ecom&PAYMENTINFO_0_PAYMENTREQUESTID=0&PAYMENTINFO_0_ERRORCODE=0&PAYMENTINFO_0_ACK=Success', '2013-08-12 19:32:08'),
(10, 1, 'Final Payment', 'a:25:{s:5:"TOKEN";s:20:"EC-9WU50694RW8386808";s:28:"SUCCESSPAGEREDIRECTREQUESTED";s:5:"false";s:9:"TIMESTAMP";s:20:"2013-08-12T14:02:08Z";s:13:"CORRELATIONID";s:13:"f3e4ece6a5868";s:3:"ACK";s:7:"Success";s:7:"VERSION";s:2:"93";s:5:"BUILD";s:7:"7161310";s:23:"INSURANCEOPTIONSELECTED";s:5:"false";s:23:"SHIPPINGOPTIONISDEFAULT";s:5:"false";s:27:"PAYMENTINFO_0_TRANSACTIONID";s:17:"1BK107353K774994T";s:29:"PAYMENTINFO_0_TRANSACTIONTYPE";s:15:"expresscheckout";s:25:"PAYMENTINFO_0_PAYMENTTYPE";s:7:"instant";s:23:"PAYMENTINFO_0_ORDERTIME";s:20:"2013-08-12T14:02:07Z";s:17:"PAYMENTINFO_0_AMT";s:6:"299.00";s:20:"PAYMENTINFO_0_TAXAMT";s:4:"0.00";s:26:"PAYMENTINFO_0_CURRENCYCODE";s:3:"HKD";s:27:"PAYMENTINFO_0_PAYMENTSTATUS";s:7:"Pending";s:27:"PAYMENTINFO_0_PENDINGREASON";s:10:"unilateral";s:24:"PAYMENTINFO_0_REASONCODE";s:4:"None";s:35:"PAYMENTINFO_0_PROTECTIONELIGIBILITY";s:10:"Ineligible";s:39:"PAYMENTINFO_0_PROTECTIONELIGIBILITYTYPE";s:4:"None";s:35:"PAYMENTINFO_0_SELLERPAYPALACCOUNTID";s:26:"rakesh.r.singh@hotmail.com";s:30:"PAYMENTINFO_0_PAYMENTREQUESTID";s:1:"0";s:23:"PAYMENTINFO_0_ERRORCODE";s:1:"0";s:17:"PAYMENTINFO_0_ACK";s:7:"Success";}', '2013-08-12 19:32:08'),
(11, 2, 'Payment Initialize', 'a:9:{s:4:"USER";s:43:"rakesh.r.singh-facilitator_api1.hotmail.com";s:3:"PWD";s:10:"1365084092";s:9:"SIGNATURE";s:56:"ApWtLka4wULT62MRX9srLoCdTAgEAQ8TaH1gX7YKJYYplhlApLOtxPkz";s:7:"VERSION";s:2:"93";s:13:"PAYMENTACTION";s:4:"Sale";s:9:"IPADDRESS";s:12:"192.168.1.62";s:12:"CURRENCYCODE";s:3:"HKD";s:9:"RETURNURL";s:62:"http://125.63.74.122/aiclub/index.php?model=member&action=paid";s:9:"CANCELURL";s:64:"http://125.63.74.122/aiclub/index.php?model=member&action=cancel";}', '2013-08-12 19:39:23'),
(12, 2, 'Ready To payment', '&USER=rakesh.r.singh-facilitator_api1.hotmail.com&PWD=1365084092&SIGNATURE=ApWtLka4wULT62MRX9srLoCdTAgEAQ8TaH1gX7YKJYYplhlApLOtxPkz&VERSION=93&PAYMENTACTION=Sale&IPADDRESS=192.168.1.62&CURRENCYCODE=HKD&RETURNURL=http%3A%2F%2F125.63.74.122%2Faiclub%2Findex.php%3Fmodel%3Dmember%26action%3Dpaid&CANCELURL=http%3A%2F%2F125.63.74.122%2Faiclub%2Findex.php%3Fmodel%3Dmember%26action%3Dcancel&PAYMENTREQUEST_0_PAYMENTREQUESTID=0&PAYMENTREQUEST_0_CURRENCYCODE=HKD&PAYMENTREQUEST_0_AMT=2800&PAYMENTREQUEST_0_ITEMAMT=2800&L_PAYMENTREQUEST_0_QTY0=1&L_PAYMENTREQUEST_0_AMT0=2800&L_PAYMENTREQUEST_0_NAME0=AI%2BClub%2BUpgraded%2BPreliminary%2BMembership%2B%2528Multiple%2BIntelligence%2BTalent%2BAssesment%2BEdition&L_PAYMENTREQUEST_0_NUMBER0=MITS&PAYMENTREQUEST_0_SELLERPAYPALACCOUNTID=vinay%40arxmind.com&METHOD=SetExpressCheckout&AMT=2800&ALLOWNOTE=1', '2013-08-12 19:39:23'),
(13, 2, 'Payment sent', '&USER=rakesh.r.singh-facilitator_api1.hotmail.com&PWD=1365084092&SIGNATURE=ApWtLka4wULT62MRX9srLoCdTAgEAQ8TaH1gX7YKJYYplhlApLOtxPkz&VERSION=93&PAYMENTACTION=Sale&IPADDRESS=192.168.1.62&CURRENCYCODE=HKD&RETURNURL=http%3A%2F%2F125.63.74.122%2Faiclub%2Findex.php%3Fmodel%3Dmember%26action%3Dpaid&CANCELURL=http%3A%2F%2F125.63.74.122%2Faiclub%2Findex.php%3Fmodel%3Dmember%26action%3Dcancel&PAYMENTREQUEST_0_PAYMENTREQUESTID=0&PAYMENTREQUEST_0_CURRENCYCODE=HKD&PAYMENTREQUEST_0_AMT=2800&PAYMENTREQUEST_0_ITEMAMT=2800&L_PAYMENTREQUEST_0_QTY0=1&L_PAYMENTREQUEST_0_AMT0=2800&L_PAYMENTREQUEST_0_NAME0=AI%2BClub%2BUpgraded%2BPreliminary%2BMembership%2B%2528Multiple%2BIntelligence%2BTalent%2BAssesment%2BEdition&L_PAYMENTREQUEST_0_NUMBER0=MITS&PAYMENTREQUEST_0_SELLERPAYPALACCOUNTID=vinay%40arxmind.com&METHOD=SetExpressCheckout&AMT=2800&ALLOWNOTE=1', '2013-08-12 19:39:33'),
(14, 2, 'Payment Response', 'TOKEN=EC%2d69V41730VC474521A&TIMESTAMP=2013%2d08%2d12T14%3a09%3a33Z&CORRELATIONID=196346b1cb9df&ACK=Success&VERSION=93&BUILD=7161310', '2013-08-12 19:39:33'),
(15, 2, 'Paypal Redirect', 'https://www.sandbox.paypal.com/cgi-bin/webscr?cmd=_express-checkout&token=EC-69V41730VC474521A', '2013-08-12 19:39:33'),
(16, 3, 'Payment Initialize', 'a:9:{s:4:"USER";s:43:"rakesh.r.singh-facilitator_api1.hotmail.com";s:3:"PWD";s:10:"1365084092";s:9:"SIGNATURE";s:56:"ApWtLka4wULT62MRX9srLoCdTAgEAQ8TaH1gX7YKJYYplhlApLOtxPkz";s:7:"VERSION";s:2:"93";s:13:"PAYMENTACTION";s:4:"Sale";s:9:"IPADDRESS";s:13:"203.186.97.25";s:12:"CURRENCYCODE";s:3:"HKD";s:9:"RETURNURL";s:62:"http://125.63.74.122/aiclub/index.php?model=member&action=paid";s:9:"CANCELURL";s:64:"http://125.63.74.122/aiclub/index.php?model=member&action=cancel";}', '2013-08-16 08:45:54'),
(17, 3, 'Ready To payment', '&USER=rakesh.r.singh-facilitator_api1.hotmail.com&PWD=1365084092&SIGNATURE=ApWtLka4wULT62MRX9srLoCdTAgEAQ8TaH1gX7YKJYYplhlApLOtxPkz&VERSION=93&PAYMENTACTION=Sale&IPADDRESS=203.186.97.25&CURRENCYCODE=HKD&RETURNURL=http%3A%2F%2F125.63.74.122%2Faiclub%2Findex.php%3Fmodel%3Dmember%26action%3Dpaid&CANCELURL=http%3A%2F%2F125.63.74.122%2Faiclub%2Findex.php%3Fmodel%3Dmember%26action%3Dcancel&PAYMENTREQUEST_0_PAYMENTREQUESTID=0&PAYMENTREQUEST_0_CURRENCYCODE=HKD&PAYMENTREQUEST_0_AMT=299&PAYMENTREQUEST_0_ITEMAMT=299&L_PAYMENTREQUEST_0_QTY0=1&L_PAYMENTREQUEST_0_AMT0=299&L_PAYMENTREQUEST_0_NAME0=AI%2BClub%2BBasic%2BPreliminary%2BMembership&L_PAYMENTREQUEST_0_NUMBER0=BP&PAYMENTREQUEST_0_SELLERPAYPALACCOUNTID=vinay%40arxmind.com&METHOD=SetExpressCheckout&AMT=299&ALLOWNOTE=1', '2013-08-16 08:45:54'),
(18, 3, 'Payment sent', '&USER=rakesh.r.singh-facilitator_api1.hotmail.com&PWD=1365084092&SIGNATURE=ApWtLka4wULT62MRX9srLoCdTAgEAQ8TaH1gX7YKJYYplhlApLOtxPkz&VERSION=93&PAYMENTACTION=Sale&IPADDRESS=203.186.97.25&CURRENCYCODE=HKD&RETURNURL=http%3A%2F%2F125.63.74.122%2Faiclub%2Findex.php%3Fmodel%3Dmember%26action%3Dpaid&CANCELURL=http%3A%2F%2F125.63.74.122%2Faiclub%2Findex.php%3Fmodel%3Dmember%26action%3Dcancel&PAYMENTREQUEST_0_PAYMENTREQUESTID=0&PAYMENTREQUEST_0_CURRENCYCODE=HKD&PAYMENTREQUEST_0_AMT=299&PAYMENTREQUEST_0_ITEMAMT=299&L_PAYMENTREQUEST_0_QTY0=1&L_PAYMENTREQUEST_0_AMT0=299&L_PAYMENTREQUEST_0_NAME0=AI%2BClub%2BBasic%2BPreliminary%2BMembership&L_PAYMENTREQUEST_0_NUMBER0=BP&PAYMENTREQUEST_0_SELLERPAYPALACCOUNTID=vinay%40arxmind.com&METHOD=SetExpressCheckout&AMT=299&ALLOWNOTE=1', '2013-08-16 08:46:03'),
(19, 3, 'Payment Response', 'TOKEN=EC%2d38694949FB917573Y&TIMESTAMP=2013%2d08%2d16T03%3a16%3a03Z&CORRELATIONID=98581a122173e&ACK=Success&VERSION=93&BUILD=7319395', '2013-08-16 08:46:03'),
(20, 3, 'Paypal Redirect', 'https://www.sandbox.paypal.com/cgi-bin/webscr?cmd=_express-checkout&token=EC-38694949FB917573Y', '2013-08-16 08:46:03'),
(21, 4, 'Payment Initialize', 'a:9:{s:4:"USER";s:43:"rakesh.r.singh-facilitator_api1.hotmail.com";s:3:"PWD";s:10:"1365084092";s:9:"SIGNATURE";s:56:"ApWtLka4wULT62MRX9srLoCdTAgEAQ8TaH1gX7YKJYYplhlApLOtxPkz";s:7:"VERSION";s:2:"93";s:13:"PAYMENTACTION";s:4:"Sale";s:9:"IPADDRESS";s:13:"203.186.97.25";s:12:"CURRENCYCODE";s:3:"HKD";s:9:"RETURNURL";s:62:"http://125.63.74.122/aiclub/index.php?model=member&action=paid";s:9:"CANCELURL";s:64:"http://125.63.74.122/aiclub/index.php?model=member&action=cancel";}', '2013-08-16 11:43:57'),
(22, 4, 'Ready To payment', '&USER=rakesh.r.singh-facilitator_api1.hotmail.com&PWD=1365084092&SIGNATURE=ApWtLka4wULT62MRX9srLoCdTAgEAQ8TaH1gX7YKJYYplhlApLOtxPkz&VERSION=93&PAYMENTACTION=Sale&IPADDRESS=203.186.97.25&CURRENCYCODE=HKD&RETURNURL=http%3A%2F%2F125.63.74.122%2Faiclub%2Findex.php%3Fmodel%3Dmember%26action%3Dpaid&CANCELURL=http%3A%2F%2F125.63.74.122%2Faiclub%2Findex.php%3Fmodel%3Dmember%26action%3Dcancel&PAYMENTREQUEST_0_PAYMENTREQUESTID=0&PAYMENTREQUEST_0_CURRENCYCODE=HKD&PAYMENTREQUEST_0_AMT=299&PAYMENTREQUEST_0_ITEMAMT=299&L_PAYMENTREQUEST_0_QTY0=1&L_PAYMENTREQUEST_0_AMT0=299&L_PAYMENTREQUEST_0_NAME0=AI%2BClub%2BBasic%2BPreliminary%2BMembership&L_PAYMENTREQUEST_0_NUMBER0=BP&PAYMENTREQUEST_0_SELLERPAYPALACCOUNTID=vinay%40arxmind.com&METHOD=SetExpressCheckout&AMT=299&ALLOWNOTE=1', '2013-08-16 11:43:57'),
(23, 4, 'Payment sent', '&USER=rakesh.r.singh-facilitator_api1.hotmail.com&PWD=1365084092&SIGNATURE=ApWtLka4wULT62MRX9srLoCdTAgEAQ8TaH1gX7YKJYYplhlApLOtxPkz&VERSION=93&PAYMENTACTION=Sale&IPADDRESS=203.186.97.25&CURRENCYCODE=HKD&RETURNURL=http%3A%2F%2F125.63.74.122%2Faiclub%2Findex.php%3Fmodel%3Dmember%26action%3Dpaid&CANCELURL=http%3A%2F%2F125.63.74.122%2Faiclub%2Findex.php%3Fmodel%3Dmember%26action%3Dcancel&PAYMENTREQUEST_0_PAYMENTREQUESTID=0&PAYMENTREQUEST_0_CURRENCYCODE=HKD&PAYMENTREQUEST_0_AMT=299&PAYMENTREQUEST_0_ITEMAMT=299&L_PAYMENTREQUEST_0_QTY0=1&L_PAYMENTREQUEST_0_AMT0=299&L_PAYMENTREQUEST_0_NAME0=AI%2BClub%2BBasic%2BPreliminary%2BMembership&L_PAYMENTREQUEST_0_NUMBER0=BP&PAYMENTREQUEST_0_SELLERPAYPALACCOUNTID=vinay%40arxmind.com&METHOD=SetExpressCheckout&AMT=299&ALLOWNOTE=1', '2013-08-16 11:44:06'),
(24, 4, 'Payment Response', 'TOKEN=EC%2d5NR95109YC1767239&TIMESTAMP=2013%2d08%2d16T06%3a14%3a06Z&CORRELATIONID=e171467a652b&ACK=Success&VERSION=93&BUILD=7319395', '2013-08-16 11:44:06'),
(25, 4, 'Paypal Redirect', 'https://www.sandbox.paypal.com/cgi-bin/webscr?cmd=_express-checkout&token=EC-5NR95109YC1767239', '2013-08-16 11:44:06'),
(26, 7, 'Payment Initialize', 'a:9:{s:4:"USER";s:43:"rakesh.r.singh-facilitator_api1.hotmail.com";s:3:"PWD";s:10:"1365084092";s:9:"SIGNATURE";s:56:"ApWtLka4wULT62MRX9srLoCdTAgEAQ8TaH1gX7YKJYYplhlApLOtxPkz";s:7:"VERSION";s:2:"93";s:13:"PAYMENTACTION";s:4:"Sale";s:9:"IPADDRESS";s:12:"192.168.1.62";s:12:"CURRENCYCODE";s:3:"HKD";s:9:"RETURNURL";s:62:"http://125.63.74.122/aiclub/index.php?model=member&action=paid";s:9:"CANCELURL";s:64:"http://125.63.74.122/aiclub/index.php?model=member&action=cancel";}', '2013-08-16 18:17:12'),
(27, 7, 'Ready To payment', '&USER=rakesh.r.singh-facilitator_api1.hotmail.com&PWD=1365084092&SIGNATURE=ApWtLka4wULT62MRX9srLoCdTAgEAQ8TaH1gX7YKJYYplhlApLOtxPkz&VERSION=93&PAYMENTACTION=Sale&IPADDRESS=192.168.1.62&CURRENCYCODE=HKD&RETURNURL=http%3A%2F%2F125.63.74.122%2Faiclub%2Findex.php%3Fmodel%3Dmember%26action%3Dpaid&CANCELURL=http%3A%2F%2F125.63.74.122%2Faiclub%2Findex.php%3Fmodel%3Dmember%26action%3Dcancel&PAYMENTREQUEST_0_PAYMENTREQUESTID=0&PAYMENTREQUEST_0_CURRENCYCODE=HKD&PAYMENTREQUEST_0_AMT=299&PAYMENTREQUEST_0_ITEMAMT=299&L_PAYMENTREQUEST_0_QTY0=1&L_PAYMENTREQUEST_0_AMT0=299&L_PAYMENTREQUEST_0_NAME0=AI%2BClub%2BBasic%2BPreliminary%2BMembership&L_PAYMENTREQUEST_0_NUMBER0=BP&PAYMENTREQUEST_0_SELLERPAYPALACCOUNTID=vinay%40arxmind.com&PAYMENTREQUEST_1_PAYMENTREQUESTID=1&PAYMENTREQUEST_1_CURRENCYCODE=HKD&PAYMENTREQUEST_1_AMT=2800&PAYMENTREQUEST_1_ITEMAMT=2800&L_PAYMENTREQUEST_1_QTY0=1&L_PAYMENTREQUEST_1_AMT0=2800&L_PAYMENTREQUEST_1_NAME0=AI%2BClub%2BUpgraded%2BPreliminary%2BMembership%2B%2528Multiple%2BIntelligence%2BTalent%2BAssesment%2BEdition&L_PAYMENTREQUEST_1_NUMBER0=MITS&PAYMENTREQUEST_1_SELLERPAYPALACCOUNTID=vinay%40arxmind.com&METHOD=SetExpressCheckout&AMT=3099&ALLOWNOTE=1', '2013-08-16 18:17:12'),
(28, 7, 'Payment sent', '&USER=rakesh.r.singh-facilitator_api1.hotmail.com&PWD=1365084092&SIGNATURE=ApWtLka4wULT62MRX9srLoCdTAgEAQ8TaH1gX7YKJYYplhlApLOtxPkz&VERSION=93&PAYMENTACTION=Sale&IPADDRESS=192.168.1.62&CURRENCYCODE=HKD&RETURNURL=http%3A%2F%2F125.63.74.122%2Faiclub%2Findex.php%3Fmodel%3Dmember%26action%3Dpaid&CANCELURL=http%3A%2F%2F125.63.74.122%2Faiclub%2Findex.php%3Fmodel%3Dmember%26action%3Dcancel&PAYMENTREQUEST_0_PAYMENTREQUESTID=0&PAYMENTREQUEST_0_CURRENCYCODE=HKD&PAYMENTREQUEST_0_AMT=299&PAYMENTREQUEST_0_ITEMAMT=299&L_PAYMENTREQUEST_0_QTY0=1&L_PAYMENTREQUEST_0_AMT0=299&L_PAYMENTREQUEST_0_NAME0=AI%2BClub%2BBasic%2BPreliminary%2BMembership&L_PAYMENTREQUEST_0_NUMBER0=BP&PAYMENTREQUEST_0_SELLERPAYPALACCOUNTID=vinay%40arxmind.com&PAYMENTREQUEST_1_PAYMENTREQUESTID=1&PAYMENTREQUEST_1_CURRENCYCODE=HKD&PAYMENTREQUEST_1_AMT=2800&PAYMENTREQUEST_1_ITEMAMT=2800&L_PAYMENTREQUEST_1_QTY0=1&L_PAYMENTREQUEST_1_AMT0=2800&L_PAYMENTREQUEST_1_NAME0=AI%2BClub%2BUpgraded%2BPreliminary%2BMembership%2B%2528Multiple%2BIntelligence%2BTalent%2BAssesment%2BEdition&L_PAYMENTREQUEST_1_NUMBER0=MITS&PAYMENTREQUEST_1_SELLERPAYPALACCOUNTID=vinay%40arxmind.com&METHOD=SetExpressCheckout&AMT=3099&ALLOWNOTE=1', '2013-08-16 18:17:22'),
(29, 7, 'Payment Response', 'TOKEN=EC%2d634922267L115970H&TIMESTAMP=2013%2d08%2d16T12%3a47%3a21Z&CORRELATIONID=3f00083fa6e5d&ACK=Success&VERSION=93&BUILD=7319395', '2013-08-16 18:17:22'),
(30, 7, 'Paypal Redirect', 'https://www.sandbox.paypal.com/cgi-bin/webscr?cmd=_express-checkout&token=EC-634922267L115970H', '2013-08-16 18:17:22'),
(31, 8, 'Payment Initialize', 'a:9:{s:4:"USER";s:43:"rakesh.r.singh-facilitator_api1.hotmail.com";s:3:"PWD";s:10:"1365084092";s:9:"SIGNATURE";s:56:"ApWtLka4wULT62MRX9srLoCdTAgEAQ8TaH1gX7YKJYYplhlApLOtxPkz";s:7:"VERSION";s:2:"93";s:13:"PAYMENTACTION";s:4:"Sale";s:9:"IPADDRESS";s:12:"192.168.1.62";s:12:"CURRENCYCODE";s:3:"HKD";s:9:"RETURNURL";s:62:"http://125.63.74.122/aiclub/index.php?model=member&action=paid";s:9:"CANCELURL";s:64:"http://125.63.74.122/aiclub/index.php?model=member&action=cancel";}', '2013-08-16 18:22:06'),
(32, 8, 'Ready To payment', '&USER=rakesh.r.singh-facilitator_api1.hotmail.com&PWD=1365084092&SIGNATURE=ApWtLka4wULT62MRX9srLoCdTAgEAQ8TaH1gX7YKJYYplhlApLOtxPkz&VERSION=93&PAYMENTACTION=Sale&IPADDRESS=192.168.1.62&CURRENCYCODE=HKD&RETURNURL=http%3A%2F%2F125.63.74.122%2Faiclub%2Findex.php%3Fmodel%3Dmember%26action%3Dpaid&CANCELURL=http%3A%2F%2F125.63.74.122%2Faiclub%2Findex.php%3Fmodel%3Dmember%26action%3Dcancel&PAYMENTREQUEST_0_PAYMENTREQUESTID=0&PAYMENTREQUEST_0_CURRENCYCODE=HKD&PAYMENTREQUEST_0_AMT=299&PAYMENTREQUEST_0_ITEMAMT=299&L_PAYMENTREQUEST_0_QTY0=1&L_PAYMENTREQUEST_0_AMT0=299&L_PAYMENTREQUEST_0_NAME0=AI%2BClub%2BBasic%2BPreliminary%2BMembership&L_PAYMENTREQUEST_0_NUMBER0=BP&PAYMENTREQUEST_0_SELLERPAYPALACCOUNTID=vinay%40arxmind.com&PAYMENTREQUEST_1_PAYMENTREQUESTID=1&PAYMENTREQUEST_1_CURRENCYCODE=HKD&PAYMENTREQUEST_1_AMT=2800&PAYMENTREQUEST_1_ITEMAMT=2800&L_PAYMENTREQUEST_1_QTY0=1&L_PAYMENTREQUEST_1_AMT0=2800&L_PAYMENTREQUEST_1_NAME0=AI%2BClub%2BUpgraded%2BPreliminary%2BMembership%2B%2528Multiple%2BIntelligence%2BTalent%2BAssesment%2BEdition&L_PAYMENTREQUEST_1_NUMBER0=MITS&PAYMENTREQUEST_1_SELLERPAYPALACCOUNTID=vinay%40arxmind.com&METHOD=SetExpressCheckout&AMT=3099&ALLOWNOTE=1', '2013-08-16 18:22:06'),
(33, 8, 'Payment sent', '&USER=rakesh.r.singh-facilitator_api1.hotmail.com&PWD=1365084092&SIGNATURE=ApWtLka4wULT62MRX9srLoCdTAgEAQ8TaH1gX7YKJYYplhlApLOtxPkz&VERSION=93&PAYMENTACTION=Sale&IPADDRESS=192.168.1.62&CURRENCYCODE=HKD&RETURNURL=http%3A%2F%2F125.63.74.122%2Faiclub%2Findex.php%3Fmodel%3Dmember%26action%3Dpaid&CANCELURL=http%3A%2F%2F125.63.74.122%2Faiclub%2Findex.php%3Fmodel%3Dmember%26action%3Dcancel&PAYMENTREQUEST_0_PAYMENTREQUESTID=0&PAYMENTREQUEST_0_CURRENCYCODE=HKD&PAYMENTREQUEST_0_AMT=299&PAYMENTREQUEST_0_ITEMAMT=299&L_PAYMENTREQUEST_0_QTY0=1&L_PAYMENTREQUEST_0_AMT0=299&L_PAYMENTREQUEST_0_NAME0=AI%2BClub%2BBasic%2BPreliminary%2BMembership&L_PAYMENTREQUEST_0_NUMBER0=BP&PAYMENTREQUEST_0_SELLERPAYPALACCOUNTID=vinay%40arxmind.com&PAYMENTREQUEST_1_PAYMENTREQUESTID=1&PAYMENTREQUEST_1_CURRENCYCODE=HKD&PAYMENTREQUEST_1_AMT=2800&PAYMENTREQUEST_1_ITEMAMT=2800&L_PAYMENTREQUEST_1_QTY0=1&L_PAYMENTREQUEST_1_AMT0=2800&L_PAYMENTREQUEST_1_NAME0=AI%2BClub%2BUpgraded%2BPreliminary%2BMembership%2B%2528Multiple%2BIntelligence%2BTalent%2BAssesment%2BEdition&L_PAYMENTREQUEST_1_NUMBER0=MITS&PAYMENTREQUEST_1_SELLERPAYPALACCOUNTID=vinay%40arxmind.com&METHOD=SetExpressCheckout&AMT=3099&ALLOWNOTE=1', '2013-08-16 18:22:12'),
(34, 8, 'Payment Response', 'TOKEN=EC%2d15V943858C883983G&TIMESTAMP=2013%2d08%2d16T12%3a52%3a12Z&CORRELATIONID=83f9463f97b6b&ACK=Success&VERSION=93&BUILD=7319395', '2013-08-16 18:22:12'),
(35, 8, 'Paypal Redirect', 'https://www.sandbox.paypal.com/cgi-bin/webscr?cmd=_express-checkout&token=EC-15V943858C883983G', '2013-08-16 18:22:12'),
(36, 8, 'Payment Initialize', 'a:9:{s:4:"USER";s:43:"rakesh.r.singh-facilitator_api1.hotmail.com";s:3:"PWD";s:10:"1365084092";s:9:"SIGNATURE";s:56:"ApWtLka4wULT62MRX9srLoCdTAgEAQ8TaH1gX7YKJYYplhlApLOtxPkz";s:7:"VERSION";s:2:"93";s:13:"PAYMENTACTION";s:4:"Sale";s:9:"IPADDRESS";s:12:"192.168.1.62";s:12:"CURRENCYCODE";s:3:"HKD";s:9:"RETURNURL";s:62:"http://125.63.74.122/aiclub/index.php?model=member&action=paid";s:9:"CANCELURL";s:64:"http://125.63.74.122/aiclub/index.php?model=member&action=cancel";}', '2013-08-16 18:23:18'),
(37, 8, 'Final Payment', '&USER=rakesh.r.singh-facilitator_api1.hotmail.com&PWD=1365084092&SIGNATURE=ApWtLka4wULT62MRX9srLoCdTAgEAQ8TaH1gX7YKJYYplhlApLOtxPkz&VERSION=93&PAYMENTACTION=SALE&IPADDRESS=192.168.1.62&CURRENCYCODE=HKD&RETURNURL=http%3A%2F%2F125.63.74.122%2Faiclub%2Findex.php%3Fmodel%3Dmember%26action%3Dpaid&CANCELURL=http%3A%2F%2F125.63.74.122%2Faiclub%2Findex.php%3Fmodel%3Dmember%26action%3Dcancel&PAYMENTREQUEST_0_AMT=299&PAYMENTREQUEST_0_CURRENCYCODE=HKD&PAYMENTREQUEST_0_SELLERPAYPALACCOUNTID=vinay%40arxmind.com&PAYMENTREQUEST_0_PAYMENTREQUESTID=0&PAYMENTREQUEST_1_AMT=2800&PAYMENTREQUEST_1_CURRENCYCODE=HKD&PAYMENTREQUEST_1_SELLERPAYPALACCOUNTID=vinay%40arxmind.com&PAYMENTREQUEST_1_PAYMENTREQUESTID=1&METHOD=DoExpressCheckoutPayment&TOKEN=EC-15V943858C883983G&PAYERID=4PC56E5A36KP2&AMT=3099', '2013-08-16 18:23:18'),
(38, 8, 'Payment sent', '&USER=rakesh.r.singh-facilitator_api1.hotmail.com&PWD=1365084092&SIGNATURE=ApWtLka4wULT62MRX9srLoCdTAgEAQ8TaH1gX7YKJYYplhlApLOtxPkz&VERSION=93&PAYMENTACTION=SALE&IPADDRESS=192.168.1.62&CURRENCYCODE=HKD&RETURNURL=http%3A%2F%2F125.63.74.122%2Faiclub%2Findex.php%3Fmodel%3Dmember%26action%3Dpaid&CANCELURL=http%3A%2F%2F125.63.74.122%2Faiclub%2Findex.php%3Fmodel%3Dmember%26action%3Dcancel&PAYMENTREQUEST_0_AMT=299&PAYMENTREQUEST_0_CURRENCYCODE=HKD&PAYMENTREQUEST_0_SELLERPAYPALACCOUNTID=vinay%40arxmind.com&PAYMENTREQUEST_0_PAYMENTREQUESTID=0&PAYMENTREQUEST_1_AMT=2800&PAYMENTREQUEST_1_CURRENCYCODE=HKD&PAYMENTREQUEST_1_SELLERPAYPALACCOUNTID=vinay%40arxmind.com&PAYMENTREQUEST_1_PAYMENTREQUESTID=1&METHOD=DoExpressCheckoutPayment&TOKEN=EC-15V943858C883983G&PAYERID=4PC56E5A36KP2&AMT=3099', '2013-08-16 18:23:31'),
(39, 8, 'Payment Response', 'TOKEN=EC%2d15V943858C883983G&SUCCESSPAGEREDIRECTREQUESTED=false&TIMESTAMP=2013%2d08%2d16T12%3a53%3a30Z&CORRELATIONID=b4efb56366581&ACK=Success&VERSION=93&BUILD=7319395&INSURANCEOPTIONSELECTED=false&SHIPPINGOPTIONISDEFAULT=false&PAYMENTINFO_0_TRANSACTIONID=8XD54060EP688515H&PAYMENTINFO_0_TRANSACTIONTYPE=expresscheckout&PAYMENTINFO_0_PAYMENTTYPE=instant&PAYMENTINFO_0_ORDERTIME=2013%2d08%2d16T12%3a53%3a28Z&PAYMENTINFO_0_AMT=299%2e00&PAYMENTINFO_0_TAXAMT=0%2e00&PAYMENTINFO_0_CURRENCYCODE=HKD&PAYMENTINFO_0_PAYMENTSTATUS=Pending&PAYMENTINFO_0_PENDINGREASON=unilateral&PAYMENTINFO_0_REASONCODE=None&PAYMENTINFO_0_PROTECTIONELIGIBILITY=Ineligible&PAYMENTINFO_0_PROTECTIONELIGIBILITYTYPE=None&PAYMENTINFO_0_SELLERPAYPALACCOUNTID=vinay%40arxmind%2ecom&PAYMENTINFO_0_PAYMENTREQUESTID=0&PAYMENTINFO_0_ERRORCODE=0&PAYMENTINFO_0_ACK=Success&PAYMENTINFO_1_TRANSACTIONID=6AP46489XR255300U&PAYMENTINFO_1_TRANSACTIONTYPE=expresscheckout&PAYMENTINFO_1_PAYMENTTYPE=instant&PAYMENTINFO_1_ORDERTIME=2013%2d08%2d16T12%3a53%3a29Z&PAYMENTINFO_1_AMT=2800%2e00&PAYMENTINFO_1_TAXAMT=0%2e00&PAYMENTINFO_1_CURRENCYCODE=HKD&PAYMENTINFO_1_PAYMENTSTATUS=Pending&PAYMENTINFO_1_PENDINGREASON=unilateral&PAYMENTINFO_1_REASONCODE=None&PAYMENTINFO_1_PROTECTIONELIGIBILITY=Ineligible&PAYMENTINFO_1_PROTECTIONELIGIBILITYTYPE=None&PAYMENTINFO_1_SELLERPAYPALACCOUNTID=vinay%40arxmind%2ecom&PAYMENTINFO_1_PAYMENTREQUESTID=1&PAYMENTINFO_1_ERRORCODE=0&PAYMENTINFO_1_ACK=Success', '2013-08-16 18:23:31'),
(40, 8, 'Final Payment', 'a:41:{s:5:"TOKEN";s:20:"EC-15V943858C883983G";s:28:"SUCCESSPAGEREDIRECTREQUESTED";s:5:"false";s:9:"TIMESTAMP";s:20:"2013-08-16T12:53:30Z";s:13:"CORRELATIONID";s:13:"b4efb56366581";s:3:"ACK";s:7:"Success";s:7:"VERSION";s:2:"93";s:5:"BUILD";s:7:"7319395";s:23:"INSURANCEOPTIONSELECTED";s:5:"false";s:23:"SHIPPINGOPTIONISDEFAULT";s:5:"false";s:27:"PAYMENTINFO_0_TRANSACTIONID";s:17:"8XD54060EP688515H";s:29:"PAYMENTINFO_0_TRANSACTIONTYPE";s:15:"expresscheckout";s:25:"PAYMENTINFO_0_PAYMENTTYPE";s:7:"instant";s:23:"PAYMENTINFO_0_ORDERTIME";s:20:"2013-08-16T12:53:28Z";s:17:"PAYMENTINFO_0_AMT";s:6:"299.00";s:20:"PAYMENTINFO_0_TAXAMT";s:4:"0.00";s:26:"PAYMENTINFO_0_CURRENCYCODE";s:3:"HKD";s:27:"PAYMENTINFO_0_PAYMENTSTATUS";s:7:"Pending";s:27:"PAYMENTINFO_0_PENDINGREASON";s:10:"unilateral";s:24:"PAYMENTINFO_0_REASONCODE";s:4:"None";s:35:"PAYMENTINFO_0_PROTECTIONELIGIBILITY";s:10:"Ineligible";s:39:"PAYMENTINFO_0_PROTECTIONELIGIBILITYTYPE";s:4:"None";s:35:"PAYMENTINFO_0_SELLERPAYPALACCOUNTID";s:17:"vinay@arxmind.com";s:30:"PAYMENTINFO_0_PAYMENTREQUESTID";s:1:"0";s:23:"PAYMENTINFO_0_ERRORCODE";s:1:"0";s:17:"PAYMENTINFO_0_ACK";s:7:"Success";s:27:"PAYMENTINFO_1_TRANSACTIONID";s:17:"6AP46489XR255300U";s:29:"PAYMENTINFO_1_TRANSACTIONTYPE";s:15:"expresscheckout";s:25:"PAYMENTINFO_1_PAYMENTTYPE";s:7:"instant";s:23:"PAYMENTINFO_1_ORDERTIME";s:20:"2013-08-16T12:53:29Z";s:17:"PAYMENTINFO_1_AMT";s:7:"2800.00";s:20:"PAYMENTINFO_1_TAXAMT";s:4:"0.00";s:26:"PAYMENTINFO_1_CURRENCYCODE";s:3:"HKD";s:27:"PAYMENTINFO_1_PAYMENTSTATUS";s:7:"Pending";s:27:"PAYMENTINFO_1_PENDINGREASON";s:10:"unilateral";s:24:"PAYMENTINFO_1_REASONCODE";s:4:"None";s:35:"PAYMENTINFO_1_PROTECTIONELIGIBILITY";s:10:"Ineligible";s:39:"PAYMENTINFO_1_PROTECTIONELIGIBILITYTYPE";s:4:"None";s:35:"PAYMENTINFO_1_SELLERPAYPALACCOUNTID";s:17:"vinay@arxmind.com";s:30:"PAYMENTINFO_1_PAYMENTREQUESTID";s:1:"1";s:23:"PAYMENTINFO_1_ERRORCODE";s:1:"0";s:17:"PAYMENTINFO_1_ACK";s:7:"Success";}', '2013-08-16 18:23:31'),
(41, 9, 'Payment Initialize', 'a:9:{s:4:"USER";s:43:"rakesh.r.singh-facilitator_api1.hotmail.com";s:3:"PWD";s:10:"1365084092";s:9:"SIGNATURE";s:56:"ApWtLka4wULT62MRX9srLoCdTAgEAQ8TaH1gX7YKJYYplhlApLOtxPkz";s:7:"VERSION";s:2:"93";s:13:"PAYMENTACTION";s:4:"Sale";s:9:"IPADDRESS";s:13:"203.186.97.25";s:12:"CURRENCYCODE";s:3:"HKD";s:9:"RETURNURL";s:62:"http://125.63.74.122/aiclub/index.php?model=member&action=paid";s:9:"CANCELURL";s:64:"http://125.63.74.122/aiclub/index.php?model=member&action=cancel";}', '2013-08-20 07:39:31'),
(42, 9, 'Ready To payment', '&USER=rakesh.r.singh-facilitator_api1.hotmail.com&PWD=1365084092&SIGNATURE=ApWtLka4wULT62MRX9srLoCdTAgEAQ8TaH1gX7YKJYYplhlApLOtxPkz&VERSION=93&PAYMENTACTION=Sale&IPADDRESS=203.186.97.25&CURRENCYCODE=HKD&RETURNURL=http%3A%2F%2F125.63.74.122%2Faiclub%2Findex.php%3Fmodel%3Dmember%26action%3Dpaid&CANCELURL=http%3A%2F%2F125.63.74.122%2Faiclub%2Findex.php%3Fmodel%3Dmember%26action%3Dcancel&PAYMENTREQUEST_0_PAYMENTREQUESTID=0&PAYMENTREQUEST_0_CURRENCYCODE=HKD&PAYMENTREQUEST_0_AMT=299&PAYMENTREQUEST_0_ITEMAMT=299&L_PAYMENTREQUEST_0_QTY0=1&L_PAYMENTREQUEST_0_AMT0=299&L_PAYMENTREQUEST_0_NAME0=AI%2BClub%2BBasic%2BPreliminary%2BMembership&L_PAYMENTREQUEST_0_NUMBER0=BP&PAYMENTREQUEST_0_SELLERPAYPALACCOUNTID=vinay%40arxmind.com&METHOD=SetExpressCheckout&AMT=299&ALLOWNOTE=1', '2013-08-20 07:39:31'),
(43, 9, 'Payment sent', '&USER=rakesh.r.singh-facilitator_api1.hotmail.com&PWD=1365084092&SIGNATURE=ApWtLka4wULT62MRX9srLoCdTAgEAQ8TaH1gX7YKJYYplhlApLOtxPkz&VERSION=93&PAYMENTACTION=Sale&IPADDRESS=203.186.97.25&CURRENCYCODE=HKD&RETURNURL=http%3A%2F%2F125.63.74.122%2Faiclub%2Findex.php%3Fmodel%3Dmember%26action%3Dpaid&CANCELURL=http%3A%2F%2F125.63.74.122%2Faiclub%2Findex.php%3Fmodel%3Dmember%26action%3Dcancel&PAYMENTREQUEST_0_PAYMENTREQUESTID=0&PAYMENTREQUEST_0_CURRENCYCODE=HKD&PAYMENTREQUEST_0_AMT=299&PAYMENTREQUEST_0_ITEMAMT=299&L_PAYMENTREQUEST_0_QTY0=1&L_PAYMENTREQUEST_0_AMT0=299&L_PAYMENTREQUEST_0_NAME0=AI%2BClub%2BBasic%2BPreliminary%2BMembership&L_PAYMENTREQUEST_0_NUMBER0=BP&PAYMENTREQUEST_0_SELLERPAYPALACCOUNTID=vinay%40arxmind.com&METHOD=SetExpressCheckout&AMT=299&ALLOWNOTE=1', '2013-08-20 07:39:40'),
(44, 9, 'Payment Response', 'TOKEN=EC%2d2F139304S7725152G&TIMESTAMP=2013%2d08%2d20T02%3a09%3a40Z&CORRELATIONID=8cb1150757676&ACK=Success&VERSION=93&BUILD=7333778', '2013-08-20 07:39:40'),
(45, 9, 'Paypal Redirect', 'https://www.sandbox.paypal.com/cgi-bin/webscr?cmd=_express-checkout&token=EC-2F139304S7725152G', '2013-08-20 07:39:40'),
(46, 10, 'Payment Initialize', 'a:9:{s:4:"USER";s:43:"rakesh.r.singh-facilitator_api1.hotmail.com";s:3:"PWD";s:10:"1365084092";s:9:"SIGNATURE";s:56:"ApWtLka4wULT62MRX9srLoCdTAgEAQ8TaH1gX7YKJYYplhlApLOtxPkz";s:7:"VERSION";s:2:"93";s:13:"PAYMENTACTION";s:4:"Sale";s:9:"IPADDRESS";s:13:"203.186.97.25";s:12:"CURRENCYCODE";s:3:"HKD";s:9:"RETURNURL";s:62:"http://125.63.74.122/aiclub/index.php?model=member&action=paid";s:9:"CANCELURL";s:64:"http://125.63.74.122/aiclub/index.php?model=member&action=cancel";}', '2013-08-20 15:30:56'),
(47, 10, 'Ready To payment', '&USER=rakesh.r.singh-facilitator_api1.hotmail.com&PWD=1365084092&SIGNATURE=ApWtLka4wULT62MRX9srLoCdTAgEAQ8TaH1gX7YKJYYplhlApLOtxPkz&VERSION=93&PAYMENTACTION=Sale&IPADDRESS=203.186.97.25&CURRENCYCODE=HKD&RETURNURL=http%3A%2F%2F125.63.74.122%2Faiclub%2Findex.php%3Fmodel%3Dmember%26action%3Dpaid&CANCELURL=http%3A%2F%2F125.63.74.122%2Faiclub%2Findex.php%3Fmodel%3Dmember%26action%3Dcancel&PAYMENTREQUEST_0_PAYMENTREQUESTID=0&PAYMENTREQUEST_0_CURRENCYCODE=HKD&PAYMENTREQUEST_0_AMT=299&PAYMENTREQUEST_0_ITEMAMT=299&L_PAYMENTREQUEST_0_QTY0=1&L_PAYMENTREQUEST_0_AMT0=299&L_PAYMENTREQUEST_0_NAME0=AI%2BClub%2BBasic%2BPreliminary%2BMembership&L_PAYMENTREQUEST_0_NUMBER0=BP&PAYMENTREQUEST_0_SELLERPAYPALACCOUNTID=vinay%40arxmind.com&METHOD=SetExpressCheckout&AMT=299&ALLOWNOTE=1', '2013-08-20 15:30:56'),
(48, 10, 'Payment sent', '&USER=rakesh.r.singh-facilitator_api1.hotmail.com&PWD=1365084092&SIGNATURE=ApWtLka4wULT62MRX9srLoCdTAgEAQ8TaH1gX7YKJYYplhlApLOtxPkz&VERSION=93&PAYMENTACTION=Sale&IPADDRESS=203.186.97.25&CURRENCYCODE=HKD&RETURNURL=http%3A%2F%2F125.63.74.122%2Faiclub%2Findex.php%3Fmodel%3Dmember%26action%3Dpaid&CANCELURL=http%3A%2F%2F125.63.74.122%2Faiclub%2Findex.php%3Fmodel%3Dmember%26action%3Dcancel&PAYMENTREQUEST_0_PAYMENTREQUESTID=0&PAYMENTREQUEST_0_CURRENCYCODE=HKD&PAYMENTREQUEST_0_AMT=299&PAYMENTREQUEST_0_ITEMAMT=299&L_PAYMENTREQUEST_0_QTY0=1&L_PAYMENTREQUEST_0_AMT0=299&L_PAYMENTREQUEST_0_NAME0=AI%2BClub%2BBasic%2BPreliminary%2BMembership&L_PAYMENTREQUEST_0_NUMBER0=BP&PAYMENTREQUEST_0_SELLERPAYPALACCOUNTID=vinay%40arxmind.com&METHOD=SetExpressCheckout&AMT=299&ALLOWNOTE=1', '2013-08-20 15:31:05'),
(49, 10, 'Payment Response', 'TOKEN=EC%2d0GP357412P399725D&TIMESTAMP=2013%2d08%2d20T10%3a01%3a05Z&CORRELATIONID=d3b09b4c2fcd6&ACK=Success&VERSION=93&BUILD=7333778', '2013-08-20 15:31:05'),
(50, 10, 'Paypal Redirect', 'https://www.sandbox.paypal.com/cgi-bin/webscr?cmd=_express-checkout&token=EC-0GP357412P399725D', '2013-08-20 15:31:05'),
(51, 11, 'Payment Initialize', 'a:9:{s:4:"USER";s:43:"rakesh.r.singh-facilitator_api1.hotmail.com";s:3:"PWD";s:10:"1365084092";s:9:"SIGNATURE";s:56:"ApWtLka4wULT62MRX9srLoCdTAgEAQ8TaH1gX7YKJYYplhlApLOtxPkz";s:7:"VERSION";s:2:"93";s:13:"PAYMENTACTION";s:4:"Sale";s:9:"IPADDRESS";s:12:"192.168.1.62";s:12:"CURRENCYCODE";s:3:"HKD";s:9:"RETURNURL";s:62:"http://125.63.74.122/aiclub/index.php?model=member&action=paid";s:9:"CANCELURL";s:64:"http://125.63.74.122/aiclub/index.php?model=member&action=cancel";}', '2013-08-26 12:12:47'),
(52, 11, 'Ready To payment', '&USER=rakesh.r.singh-facilitator_api1.hotmail.com&PWD=1365084092&SIGNATURE=ApWtLka4wULT62MRX9srLoCdTAgEAQ8TaH1gX7YKJYYplhlApLOtxPkz&VERSION=93&PAYMENTACTION=Sale&IPADDRESS=192.168.1.62&CURRENCYCODE=HKD&RETURNURL=http%3A%2F%2F125.63.74.122%2Faiclub%2Findex.php%3Fmodel%3Dmember%26action%3Dpaid&CANCELURL=http%3A%2F%2F125.63.74.122%2Faiclub%2Findex.php%3Fmodel%3Dmember%26action%3Dcancel&PAYMENTREQUEST_0_PAYMENTREQUESTID=0&PAYMENTREQUEST_0_CURRENCYCODE=HKD&PAYMENTREQUEST_0_AMT=299&PAYMENTREQUEST_0_ITEMAMT=299&L_PAYMENTREQUEST_0_QTY0=1&L_PAYMENTREQUEST_0_AMT0=299&L_PAYMENTREQUEST_0_NAME0=AI%2BClub%2BBasic%2BPreliminary%2BMembership&L_PAYMENTREQUEST_0_NUMBER0=BP&PAYMENTREQUEST_0_SELLERPAYPALACCOUNTID=vinay%40arxmind.com&PAYMENTREQUEST_1_PAYMENTREQUESTID=1&PAYMENTREQUEST_1_CURRENCYCODE=HKD&PAYMENTREQUEST_1_AMT=2800&PAYMENTREQUEST_1_ITEMAMT=2800&L_PAYMENTREQUEST_1_QTY0=1&L_PAYMENTREQUEST_1_AMT0=2800&L_PAYMENTREQUEST_1_NAME0=AI%2BClub%2BUpgraded%2BPreliminary%2BMembership%2B%2528Multiple%2BIntelligence%2BTalent%2BAssesment%2BEdition&L_PAYMENTREQUEST_1_NUMBER0=MITS&PAYMENTREQUEST_1_SELLERPAYPALACCOUNTID=vinay%40arxmind.com&METHOD=SetExpressCheckout&AMT=3099&ALLOWNOTE=1', '2013-08-26 12:12:47'),
(53, 11, 'Payment sent', '&USER=rakesh.r.singh-facilitator_api1.hotmail.com&PWD=1365084092&SIGNATURE=ApWtLka4wULT62MRX9srLoCdTAgEAQ8TaH1gX7YKJYYplhlApLOtxPkz&VERSION=93&PAYMENTACTION=Sale&IPADDRESS=192.168.1.62&CURRENCYCODE=HKD&RETURNURL=http%3A%2F%2F125.63.74.122%2Faiclub%2Findex.php%3Fmodel%3Dmember%26action%3Dpaid&CANCELURL=http%3A%2F%2F125.63.74.122%2Faiclub%2Findex.php%3Fmodel%3Dmember%26action%3Dcancel&PAYMENTREQUEST_0_PAYMENTREQUESTID=0&PAYMENTREQUEST_0_CURRENCYCODE=HKD&PAYMENTREQUEST_0_AMT=299&PAYMENTREQUEST_0_ITEMAMT=299&L_PAYMENTREQUEST_0_QTY0=1&L_PAYMENTREQUEST_0_AMT0=299&L_PAYMENTREQUEST_0_NAME0=AI%2BClub%2BBasic%2BPreliminary%2BMembership&L_PAYMENTREQUEST_0_NUMBER0=BP&PAYMENTREQUEST_0_SELLERPAYPALACCOUNTID=vinay%40arxmind.com&PAYMENTREQUEST_1_PAYMENTREQUESTID=1&PAYMENTREQUEST_1_CURRENCYCODE=HKD&PAYMENTREQUEST_1_AMT=2800&PAYMENTREQUEST_1_ITEMAMT=2800&L_PAYMENTREQUEST_1_QTY0=1&L_PAYMENTREQUEST_1_AMT0=2800&L_PAYMENTREQUEST_1_NAME0=AI%2BClub%2BUpgraded%2BPreliminary%2BMembership%2B%2528Multiple%2BIntelligence%2BTalent%2BAssesment%2BEdition&L_PAYMENTREQUEST_1_NUMBER0=MITS&PAYMENTREQUEST_1_SELLERPAYPALACCOUNTID=vinay%40arxmind.com&METHOD=SetExpressCheckout&AMT=3099&ALLOWNOTE=1', '2013-08-26 12:12:59'),
(54, 11, 'Payment Response', 'TOKEN=EC%2d8GL33701DF2188937&TIMESTAMP=2013%2d08%2d26T06%3a42%3a59Z&CORRELATIONID=c2e6cfa92fb2f&ACK=Success&VERSION=93&BUILD=7333778', '2013-08-26 12:12:59'),
(55, 11, 'Paypal Redirect', 'https://www.sandbox.paypal.com/cgi-bin/webscr?cmd=_express-checkout&token=EC-8GL33701DF2188937', '2013-08-26 12:12:59'),
(56, 11, 'Payment Initialize', 'a:9:{s:4:"USER";s:43:"rakesh.r.singh-facilitator_api1.hotmail.com";s:3:"PWD";s:10:"1365084092";s:9:"SIGNATURE";s:56:"ApWtLka4wULT62MRX9srLoCdTAgEAQ8TaH1gX7YKJYYplhlApLOtxPkz";s:7:"VERSION";s:2:"93";s:13:"PAYMENTACTION";s:4:"Sale";s:9:"IPADDRESS";s:12:"192.168.1.62";s:12:"CURRENCYCODE";s:3:"HKD";s:9:"RETURNURL";s:62:"http://125.63.74.122/aiclub/index.php?model=member&action=paid";s:9:"CANCELURL";s:64:"http://125.63.74.122/aiclub/index.php?model=member&action=cancel";}', '2013-08-26 12:19:17'),
(57, 11, 'Final Payment', '&USER=rakesh.r.singh-facilitator_api1.hotmail.com&PWD=1365084092&SIGNATURE=ApWtLka4wULT62MRX9srLoCdTAgEAQ8TaH1gX7YKJYYplhlApLOtxPkz&VERSION=93&PAYMENTACTION=SALE&IPADDRESS=192.168.1.62&CURRENCYCODE=HKD&RETURNURL=http%3A%2F%2F125.63.74.122%2Faiclub%2Findex.php%3Fmodel%3Dmember%26action%3Dpaid&CANCELURL=http%3A%2F%2F125.63.74.122%2Faiclub%2Findex.php%3Fmodel%3Dmember%26action%3Dcancel&PAYMENTREQUEST_0_AMT=299&PAYMENTREQUEST_0_CURRENCYCODE=HKD&PAYMENTREQUEST_0_SELLERPAYPALACCOUNTID=vinay%40arxmind.com&PAYMENTREQUEST_0_PAYMENTREQUESTID=0&PAYMENTREQUEST_1_AMT=2800&PAYMENTREQUEST_1_CURRENCYCODE=HKD&PAYMENTREQUEST_1_SELLERPAYPALACCOUNTID=vinay%40arxmind.com&PAYMENTREQUEST_1_PAYMENTREQUESTID=1&METHOD=DoExpressCheckoutPayment&TOKEN=EC-8GL33701DF2188937&PAYERID=4PC56E5A36KP2&AMT=3099', '2013-08-26 12:19:17'),
(58, 11, 'Payment sent', '&USER=rakesh.r.singh-facilitator_api1.hotmail.com&PWD=1365084092&SIGNATURE=ApWtLka4wULT62MRX9srLoCdTAgEAQ8TaH1gX7YKJYYplhlApLOtxPkz&VERSION=93&PAYMENTACTION=SALE&IPADDRESS=192.168.1.62&CURRENCYCODE=HKD&RETURNURL=http%3A%2F%2F125.63.74.122%2Faiclub%2Findex.php%3Fmodel%3Dmember%26action%3Dpaid&CANCELURL=http%3A%2F%2F125.63.74.122%2Faiclub%2Findex.php%3Fmodel%3Dmember%26action%3Dcancel&PAYMENTREQUEST_0_AMT=299&PAYMENTREQUEST_0_CURRENCYCODE=HKD&PAYMENTREQUEST_0_SELLERPAYPALACCOUNTID=vinay%40arxmind.com&PAYMENTREQUEST_0_PAYMENTREQUESTID=0&PAYMENTREQUEST_1_AMT=2800&PAYMENTREQUEST_1_CURRENCYCODE=HKD&PAYMENTREQUEST_1_SELLERPAYPALACCOUNTID=vinay%40arxmind.com&PAYMENTREQUEST_1_PAYMENTREQUESTID=1&METHOD=DoExpressCheckoutPayment&TOKEN=EC-8GL33701DF2188937&PAYERID=4PC56E5A36KP2&AMT=3099', '2013-08-26 12:19:30'),
(59, 11, 'Payment Response', 'TOKEN=EC%2d8GL33701DF2188937&SUCCESSPAGEREDIRECTREQUESTED=false&TIMESTAMP=2013%2d08%2d26T06%3a49%3a29Z&CORRELATIONID=bdc40d6481d4d&ACK=Success&VERSION=93&BUILD=7333778&INSURANCEOPTIONSELECTED=false&SHIPPINGOPTIONISDEFAULT=false&PAYMENTINFO_0_TRANSACTIONID=524966312Y1039346&PAYMENTINFO_0_TRANSACTIONTYPE=expresscheckout&PAYMENTINFO_0_PAYMENTTYPE=instant&PAYMENTINFO_0_ORDERTIME=2013%2d08%2d26T06%3a49%3a27Z&PAYMENTINFO_0_AMT=299%2e00&PAYMENTINFO_0_TAXAMT=0%2e00&PAYMENTINFO_0_CURRENCYCODE=HKD&PAYMENTINFO_0_PAYMENTSTATUS=Pending&PAYMENTINFO_0_PENDINGREASON=unilateral&PAYMENTINFO_0_REASONCODE=None&PAYMENTINFO_0_PROTECTIONELIGIBILITY=Ineligible&PAYMENTINFO_0_PROTECTIONELIGIBILITYTYPE=None&PAYMENTINFO_0_SELLERPAYPALACCOUNTID=vinay%40arxmind%2ecom&PAYMENTINFO_0_PAYMENTREQUESTID=0&PAYMENTINFO_0_ERRORCODE=0&PAYMENTINFO_0_ACK=Success&PAYMENTINFO_1_TRANSACTIONID=7C3482684N2763053&PAYMENTINFO_1_TRANSACTIONTYPE=expresscheckout&PAYMENTINFO_1_PAYMENTTYPE=instant&PAYMENTINFO_1_ORDERTIME=2013%2d08%2d26T06%3a49%3a28Z&PAYMENTINFO_1_AMT=2800%2e00&PAYMENTINFO_1_TAXAMT=0%2e00&PAYMENTINFO_1_CURRENCYCODE=HKD&PAYMENTINFO_1_PAYMENTSTATUS=Pending&PAYMENTINFO_1_PENDINGREASON=unilateral&PAYMENTINFO_1_REASONCODE=None&PAYMENTINFO_1_PROTECTIONELIGIBILITY=Ineligible&PAYMENTINFO_1_PROTECTIONELIGIBILITYTYPE=None&PAYMENTINFO_1_SELLERPAYPALACCOUNTID=vinay%40arxmind%2ecom&PAYMENTINFO_1_PAYMENTREQUESTID=1&PAYMENTINFO_1_ERRORCODE=0&PAYMENTINFO_1_ACK=Success', '2013-08-26 12:19:30'),
(60, 11, 'Final Payment', 'a:41:{s:5:"TOKEN";s:20:"EC-8GL33701DF2188937";s:28:"SUCCESSPAGEREDIRECTREQUESTED";s:5:"false";s:9:"TIMESTAMP";s:20:"2013-08-26T06:49:29Z";s:13:"CORRELATIONID";s:13:"bdc40d6481d4d";s:3:"ACK";s:7:"Success";s:7:"VERSION";s:2:"93";s:5:"BUILD";s:7:"7333778";s:23:"INSURANCEOPTIONSELECTED";s:5:"false";s:23:"SHIPPINGOPTIONISDEFAULT";s:5:"false";s:27:"PAYMENTINFO_0_TRANSACTIONID";s:17:"524966312Y1039346";s:29:"PAYMENTINFO_0_TRANSACTIONTYPE";s:15:"expresscheckout";s:25:"PAYMENTINFO_0_PAYMENTTYPE";s:7:"instant";s:23:"PAYMENTINFO_0_ORDERTIME";s:20:"2013-08-26T06:49:27Z";s:17:"PAYMENTINFO_0_AMT";s:6:"299.00";s:20:"PAYMENTINFO_0_TAXAMT";s:4:"0.00";s:26:"PAYMENTINFO_0_CURRENCYCODE";s:3:"HKD";s:27:"PAYMENTINFO_0_PAYMENTSTATUS";s:7:"Pending";s:27:"PAYMENTINFO_0_PENDINGREASON";s:10:"unilateral";s:24:"PAYMENTINFO_0_REASONCODE";s:4:"None";s:35:"PAYMENTINFO_0_PROTECTIONELIGIBILITY";s:10:"Ineligible";s:39:"PAYMENTINFO_0_PROTECTIONELIGIBILITYTYPE";s:4:"None";s:35:"PAYMENTINFO_0_SELLERPAYPALACCOUNTID";s:17:"vinay@arxmind.com";s:30:"PAYMENTINFO_0_PAYMENTREQUESTID";s:1:"0";s:23:"PAYMENTINFO_0_ERRORCODE";s:1:"0";s:17:"PAYMENTINFO_0_ACK";s:7:"Success";s:27:"PAYMENTINFO_1_TRANSACTIONID";s:17:"7C3482684N2763053";s:29:"PAYMENTINFO_1_TRANSACTIONTYPE";s:15:"expresscheckout";s:25:"PAYMENTINFO_1_PAYMENTTYPE";s:7:"instant";s:23:"PAYMENTINFO_1_ORDERTIME";s:20:"2013-08-26T06:49:28Z";s:17:"PAYMENTINFO_1_AMT";s:7:"2800.00";s:20:"PAYMENTINFO_1_TAXAMT";s:4:"0.00";s:26:"PAYMENTINFO_1_CURRENCYCODE";s:3:"HKD";s:27:"PAYMENTINFO_1_PAYMENTSTATUS";s:7:"Pending";s:27:"PAYMENTINFO_1_PENDINGREASON";s:10:"unilateral";s:24:"PAYMENTINFO_1_REASONCODE";s:4:"None";s:35:"PAYMENTINFO_1_PROTECTIONELIGIBILITY";s:10:"Ineligible";s:39:"PAYMENTINFO_1_PROTECTIONELIGIBILITYTYPE";s:4:"None";s:35:"PAYMENTINFO_1_SELLERPAYPALACCOUNTID";s:17:"vinay@arxmind.com";s:30:"PAYMENTINFO_1_PAYMENTREQUESTID";s:1:"1";s:23:"PAYMENTINFO_1_ERRORCODE";s:1:"0";s:17:"PAYMENTINFO_1_ACK";s:7:"Success";}', '2013-08-26 12:19:30'),
(61, 12, 'Payment Initialize', 'a:9:{s:4:"USER";s:43:"rakesh.r.singh-facilitator_api1.hotmail.com";s:3:"PWD";s:10:"1365084092";s:9:"SIGNATURE";s:56:"ApWtLka4wULT62MRX9srLoCdTAgEAQ8TaH1gX7YKJYYplhlApLOtxPkz";s:7:"VERSION";s:2:"93";s:13:"PAYMENTACTION";s:4:"Sale";s:9:"IPADDRESS";s:13:"203.186.97.25";s:12:"CURRENCYCODE";s:3:"HKD";s:9:"RETURNURL";s:62:"http://125.63.74.122/aiclub/index.php?model=member&action=paid";s:9:"CANCELURL";s:64:"http://125.63.74.122/aiclub/index.php?model=member&action=cancel";}', '2013-08-27 14:04:45'),
(62, 12, 'Ready To payment', '&USER=rakesh.r.singh-facilitator_api1.hotmail.com&PWD=1365084092&SIGNATURE=ApWtLka4wULT62MRX9srLoCdTAgEAQ8TaH1gX7YKJYYplhlApLOtxPkz&VERSION=93&PAYMENTACTION=Sale&IPADDRESS=203.186.97.25&CURRENCYCODE=HKD&RETURNURL=http%3A%2F%2F125.63.74.122%2Faiclub%2Findex.php%3Fmodel%3Dmember%26action%3Dpaid&CANCELURL=http%3A%2F%2F125.63.74.122%2Faiclub%2Findex.php%3Fmodel%3Dmember%26action%3Dcancel&PAYMENTREQUEST_0_PAYMENTREQUESTID=0&PAYMENTREQUEST_0_CURRENCYCODE=HKD&PAYMENTREQUEST_0_AMT=299&PAYMENTREQUEST_0_ITEMAMT=299&L_PAYMENTREQUEST_0_QTY0=1&L_PAYMENTREQUEST_0_AMT0=299&L_PAYMENTREQUEST_0_NAME0=AI%2BClub%2BBasic%2BPreliminary%2BMembership&L_PAYMENTREQUEST_0_NUMBER0=BP&PAYMENTREQUEST_0_SELLERPAYPALACCOUNTID=vinay%40arxmind.com&METHOD=SetExpressCheckout&AMT=299&ALLOWNOTE=1', '2013-08-27 14:04:45'),
(63, 12, 'Payment sent', '&USER=rakesh.r.singh-facilitator_api1.hotmail.com&PWD=1365084092&SIGNATURE=ApWtLka4wULT62MRX9srLoCdTAgEAQ8TaH1gX7YKJYYplhlApLOtxPkz&VERSION=93&PAYMENTACTION=Sale&IPADDRESS=203.186.97.25&CURRENCYCODE=HKD&RETURNURL=http%3A%2F%2F125.63.74.122%2Faiclub%2Findex.php%3Fmodel%3Dmember%26action%3Dpaid&CANCELURL=http%3A%2F%2F125.63.74.122%2Faiclub%2Findex.php%3Fmodel%3Dmember%26action%3Dcancel&PAYMENTREQUEST_0_PAYMENTREQUESTID=0&PAYMENTREQUEST_0_CURRENCYCODE=HKD&PAYMENTREQUEST_0_AMT=299&PAYMENTREQUEST_0_ITEMAMT=299&L_PAYMENTREQUEST_0_QTY0=1&L_PAYMENTREQUEST_0_AMT0=299&L_PAYMENTREQUEST_0_NAME0=AI%2BClub%2BBasic%2BPreliminary%2BMembership&L_PAYMENTREQUEST_0_NUMBER0=BP&PAYMENTREQUEST_0_SELLERPAYPALACCOUNTID=vinay%40arxmind.com&METHOD=SetExpressCheckout&AMT=299&ALLOWNOTE=1', '2013-08-27 14:04:55'),
(64, 12, 'Payment Response', 'TOKEN=EC%2d25L841436F9197014&TIMESTAMP=2013%2d08%2d27T08%3a34%3a55Z&CORRELATIONID=8df6fb1629114&ACK=Success&VERSION=93&BUILD=7333778', '2013-08-27 14:04:55'),
(65, 12, 'Paypal Redirect', 'https://www.sandbox.paypal.com/cgi-bin/webscr?cmd=_express-checkout&token=EC-25L841436F9197014', '2013-08-27 14:04:55'),
(66, 13, 'Payment Initialize', 'a:9:{s:4:"USER";s:43:"rakesh.r.singh-facilitator_api1.hotmail.com";s:3:"PWD";s:10:"1365084092";s:9:"SIGNATURE";s:56:"ApWtLka4wULT62MRX9srLoCdTAgEAQ8TaH1gX7YKJYYplhlApLOtxPkz";s:7:"VERSION";s:2:"93";s:13:"PAYMENTACTION";s:4:"Sale";s:9:"IPADDRESS";s:13:"203.186.97.25";s:12:"CURRENCYCODE";s:3:"HKD";s:9:"RETURNURL";s:62:"http://125.63.74.122/aiclub/index.php?model=member&action=paid";s:9:"CANCELURL";s:64:"http://125.63.74.122/aiclub/index.php?model=member&action=cancel";}', '2013-08-27 14:14:48'),
(67, 13, 'Ready To payment', '&USER=rakesh.r.singh-facilitator_api1.hotmail.com&PWD=1365084092&SIGNATURE=ApWtLka4wULT62MRX9srLoCdTAgEAQ8TaH1gX7YKJYYplhlApLOtxPkz&VERSION=93&PAYMENTACTION=Sale&IPADDRESS=203.186.97.25&CURRENCYCODE=HKD&RETURNURL=http%3A%2F%2F125.63.74.122%2Faiclub%2Findex.php%3Fmodel%3Dmember%26action%3Dpaid&CANCELURL=http%3A%2F%2F125.63.74.122%2Faiclub%2Findex.php%3Fmodel%3Dmember%26action%3Dcancel&PAYMENTREQUEST_0_PAYMENTREQUESTID=0&PAYMENTREQUEST_0_CURRENCYCODE=HKD&PAYMENTREQUEST_0_AMT=299&PAYMENTREQUEST_0_ITEMAMT=299&L_PAYMENTREQUEST_0_QTY0=1&L_PAYMENTREQUEST_0_AMT0=299&L_PAYMENTREQUEST_0_NAME0=AI%2BClub%2BBasic%2BPreliminary%2BMembership&L_PAYMENTREQUEST_0_NUMBER0=BP&PAYMENTREQUEST_0_SELLERPAYPALACCOUNTID=vinay%40arxmind.com&METHOD=SetExpressCheckout&AMT=299&ALLOWNOTE=1', '2013-08-27 14:14:48'),
(68, 13, 'Payment sent', '&USER=rakesh.r.singh-facilitator_api1.hotmail.com&PWD=1365084092&SIGNATURE=ApWtLka4wULT62MRX9srLoCdTAgEAQ8TaH1gX7YKJYYplhlApLOtxPkz&VERSION=93&PAYMENTACTION=Sale&IPADDRESS=203.186.97.25&CURRENCYCODE=HKD&RETURNURL=http%3A%2F%2F125.63.74.122%2Faiclub%2Findex.php%3Fmodel%3Dmember%26action%3Dpaid&CANCELURL=http%3A%2F%2F125.63.74.122%2Faiclub%2Findex.php%3Fmodel%3Dmember%26action%3Dcancel&PAYMENTREQUEST_0_PAYMENTREQUESTID=0&PAYMENTREQUEST_0_CURRENCYCODE=HKD&PAYMENTREQUEST_0_AMT=299&PAYMENTREQUEST_0_ITEMAMT=299&L_PAYMENTREQUEST_0_QTY0=1&L_PAYMENTREQUEST_0_AMT0=299&L_PAYMENTREQUEST_0_NAME0=AI%2BClub%2BBasic%2BPreliminary%2BMembership&L_PAYMENTREQUEST_0_NUMBER0=BP&PAYMENTREQUEST_0_SELLERPAYPALACCOUNTID=vinay%40arxmind.com&METHOD=SetExpressCheckout&AMT=299&ALLOWNOTE=1', '2013-08-27 14:14:57'),
(69, 13, 'Payment Response', 'TOKEN=EC%2d07T74133UN157352W&TIMESTAMP=2013%2d08%2d27T08%3a44%3a57Z&CORRELATIONID=2efdbaeffd8c&ACK=Success&VERSION=93&BUILD=7333778', '2013-08-27 14:14:57'),
(70, 13, 'Paypal Redirect', 'https://www.sandbox.paypal.com/cgi-bin/webscr?cmd=_express-checkout&token=EC-07T74133UN157352W', '2013-08-27 14:14:57'),
(71, 14, 'Payment Initialize', 'a:9:{s:4:"USER";s:43:"rakesh.r.singh-facilitator_api1.hotmail.com";s:3:"PWD";s:10:"1365084092";s:9:"SIGNATURE";s:56:"ApWtLka4wULT62MRX9srLoCdTAgEAQ8TaH1gX7YKJYYplhlApLOtxPkz";s:7:"VERSION";s:2:"93";s:13:"PAYMENTACTION";s:4:"Sale";s:9:"IPADDRESS";s:12:"116.48.90.24";s:12:"CURRENCYCODE";s:3:"HKD";s:9:"RETURNURL";s:62:"http://125.63.74.122/aiclub/index.php?model=member&action=paid";s:9:"CANCELURL";s:64:"http://125.63.74.122/aiclub/index.php?model=member&action=cancel";}', '2013-09-02 06:44:24'),
(72, 14, 'Ready To payment', '&USER=rakesh.r.singh-facilitator_api1.hotmail.com&PWD=1365084092&SIGNATURE=ApWtLka4wULT62MRX9srLoCdTAgEAQ8TaH1gX7YKJYYplhlApLOtxPkz&VERSION=93&PAYMENTACTION=Sale&IPADDRESS=116.48.90.24&CURRENCYCODE=HKD&RETURNURL=http%3A%2F%2F125.63.74.122%2Faiclub%2Findex.php%3Fmodel%3Dmember%26action%3Dpaid&CANCELURL=http%3A%2F%2F125.63.74.122%2Faiclub%2Findex.php%3Fmodel%3Dmember%26action%3Dcancel&PAYMENTREQUEST_0_PAYMENTREQUESTID=0&PAYMENTREQUEST_0_CURRENCYCODE=HKD&PAYMENTREQUEST_0_AMT=299&PAYMENTREQUEST_0_ITEMAMT=299&L_PAYMENTREQUEST_0_QTY0=1&L_PAYMENTREQUEST_0_AMT0=299&L_PAYMENTREQUEST_0_NAME0=AI%2BClub%2BBasic%2BPreliminary%2BMembership&L_PAYMENTREQUEST_0_NUMBER0=BP&PAYMENTREQUEST_0_SELLERPAYPALACCOUNTID=vinay%40arxmind.com&METHOD=SetExpressCheckout&AMT=299&ALLOWNOTE=1', '2013-09-02 06:44:24'),
(73, 14, 'Payment sent', '&USER=rakesh.r.singh-facilitator_api1.hotmail.com&PWD=1365084092&SIGNATURE=ApWtLka4wULT62MRX9srLoCdTAgEAQ8TaH1gX7YKJYYplhlApLOtxPkz&VERSION=93&PAYMENTACTION=Sale&IPADDRESS=116.48.90.24&CURRENCYCODE=HKD&RETURNURL=http%3A%2F%2F125.63.74.122%2Faiclub%2Findex.php%3Fmodel%3Dmember%26action%3Dpaid&CANCELURL=http%3A%2F%2F125.63.74.122%2Faiclub%2Findex.php%3Fmodel%3Dmember%26action%3Dcancel&PAYMENTREQUEST_0_PAYMENTREQUESTID=0&PAYMENTREQUEST_0_CURRENCYCODE=HKD&PAYMENTREQUEST_0_AMT=299&PAYMENTREQUEST_0_ITEMAMT=299&L_PAYMENTREQUEST_0_QTY0=1&L_PAYMENTREQUEST_0_AMT0=299&L_PAYMENTREQUEST_0_NAME0=AI%2BClub%2BBasic%2BPreliminary%2BMembership&L_PAYMENTREQUEST_0_NUMBER0=BP&PAYMENTREQUEST_0_SELLERPAYPALACCOUNTID=vinay%40arxmind.com&METHOD=SetExpressCheckout&AMT=299&ALLOWNOTE=1', '2013-09-02 06:44:33'),
(74, 14, 'Payment Response', 'TOKEN=EC%2d0M2973639U274234A&TIMESTAMP=2013%2d09%2d02T01%3a14%3a33Z&CORRELATIONID=bb9259886903&ACK=Success&VERSION=93&BUILD=7539191', '2013-09-02 06:44:33'),
(75, 14, 'Paypal Redirect', 'https://www.sandbox.paypal.com/cgi-bin/webscr?cmd=_express-checkout&token=EC-0M2973639U274234A', '2013-09-02 06:44:33'),
(76, 15, 'Payment Initialize', 'a:11:{s:4:"USER";s:43:"rakesh.r.singh-facilitator_api1.hotmail.com";s:3:"PWD";s:10:"1365084092";s:9:"SIGNATURE";s:56:"ApWtLka4wULT62MRX9srLoCdTAgEAQ8TaH1gX7YKJYYplhlApLOtxPkz";s:7:"VERSION";s:2:"93";s:13:"PAYMENTACTION";s:4:"Sale";s:9:"IPADDRESS";s:12:"192.168.1.67";s:12:"CURRENCYCODE";s:3:"HKD";s:9:"RETURNURL";s:62:"http://125.63.74.122/aiclub/index.php?model=member&action=paid";s:9:"CANCELURL";s:64:"http://125.63.74.122/aiclub/index.php?model=member&action=cancel";s:12:"SOLUTIONTYPE";s:4:"Sole";s:11:"LANDINGPAGE";s:7:"Billing";}', '2013-09-02 14:22:55'),
(77, 15, 'Ready To payment', '&USER=rakesh.r.singh-facilitator_api1.hotmail.com&PWD=1365084092&SIGNATURE=ApWtLka4wULT62MRX9srLoCdTAgEAQ8TaH1gX7YKJYYplhlApLOtxPkz&VERSION=93&PAYMENTACTION=Sale&IPADDRESS=192.168.1.67&CURRENCYCODE=HKD&RETURNURL=http%3A%2F%2F125.63.74.122%2Faiclub%2Findex.php%3Fmodel%3Dmember%26action%3Dpaid&CANCELURL=http%3A%2F%2F125.63.74.122%2Faiclub%2Findex.php%3Fmodel%3Dmember%26action%3Dcancel&SOLUTIONTYPE=Sole&LANDINGPAGE=Billing&PAYMENTREQUEST_0_PAYMENTREQUESTID=0&PAYMENTREQUEST_0_CURRENCYCODE=HKD&PAYMENTREQUEST_0_AMT=299&PAYMENTREQUEST_0_ITEMAMT=299&L_PAYMENTREQUEST_0_QTY0=1&L_PAYMENTREQUEST_0_AMT0=299&L_PAYMENTREQUEST_0_NAME0=AI%2BClub%2BBasic%2BPreliminary%2BMembership&L_PAYMENTREQUEST_0_NUMBER0=BP&PAYMENTREQUEST_0_SELLERPAYPALACCOUNTID=vinay%40arxmind.com&PAYMENTREQUEST_1_PAYMENTREQUESTID=1&PAYMENTREQUEST_1_CURRENCYCODE=HKD&PAYMENTREQUEST_1_AMT=2800&PAYMENTREQUEST_1_ITEMAMT=2800&L_PAYMENTREQUEST_1_QTY0=1&L_PAYMENTREQUEST_1_AMT0=2800&L_PAYMENTREQUEST_1_NAME0=AI%2BClub%2BUpgraded%2BPreliminary%2BMembership%2B%2528Multiple%2BIntelligence%2BTalent%2BAssesment%2BEdition&L_PAYMENTREQUEST_1_NUMBER0=MITS&PAYMENTREQUEST_1_SELLERPAYPALACCOUNTID=vinay%40arxmind.com&METHOD=SetExpressCheckout&AMT=3099&ALLOWNOTE=1', '2013-09-02 14:22:55');
INSERT INTO `payment_log` (`id`, `member_id`, `log`, `log_details`, `datetime`) VALUES
(78, 15, 'Payment sent', '&USER=rakesh.r.singh-facilitator_api1.hotmail.com&PWD=1365084092&SIGNATURE=ApWtLka4wULT62MRX9srLoCdTAgEAQ8TaH1gX7YKJYYplhlApLOtxPkz&VERSION=93&PAYMENTACTION=Sale&IPADDRESS=192.168.1.67&CURRENCYCODE=HKD&RETURNURL=http%3A%2F%2F125.63.74.122%2Faiclub%2Findex.php%3Fmodel%3Dmember%26action%3Dpaid&CANCELURL=http%3A%2F%2F125.63.74.122%2Faiclub%2Findex.php%3Fmodel%3Dmember%26action%3Dcancel&SOLUTIONTYPE=Sole&LANDINGPAGE=Billing&PAYMENTREQUEST_0_PAYMENTREQUESTID=0&PAYMENTREQUEST_0_CURRENCYCODE=HKD&PAYMENTREQUEST_0_AMT=299&PAYMENTREQUEST_0_ITEMAMT=299&L_PAYMENTREQUEST_0_QTY0=1&L_PAYMENTREQUEST_0_AMT0=299&L_PAYMENTREQUEST_0_NAME0=AI%2BClub%2BBasic%2BPreliminary%2BMembership&L_PAYMENTREQUEST_0_NUMBER0=BP&PAYMENTREQUEST_0_SELLERPAYPALACCOUNTID=vinay%40arxmind.com&PAYMENTREQUEST_1_PAYMENTREQUESTID=1&PAYMENTREQUEST_1_CURRENCYCODE=HKD&PAYMENTREQUEST_1_AMT=2800&PAYMENTREQUEST_1_ITEMAMT=2800&L_PAYMENTREQUEST_1_QTY0=1&L_PAYMENTREQUEST_1_AMT0=2800&L_PAYMENTREQUEST_1_NAME0=AI%2BClub%2BUpgraded%2BPreliminary%2BMembership%2B%2528Multiple%2BIntelligence%2BTalent%2BAssesment%2BEdition&L_PAYMENTREQUEST_1_NUMBER0=MITS&PAYMENTREQUEST_1_SELLERPAYPALACCOUNTID=vinay%40arxmind.com&METHOD=SetExpressCheckout&AMT=3099&ALLOWNOTE=1', '2013-09-02 14:23:04'),
(79, 15, 'Payment Response', 'TOKEN=EC%2d9W602611B19075543&TIMESTAMP=2013%2d09%2d02T08%3a53%3a04Z&CORRELATIONID=1e0dafc97fb16&ACK=Success&VERSION=93&BUILD=7539191', '2013-09-02 14:23:04'),
(80, 15, 'Paypal Redirect', 'https://www.sandbox.paypal.com/cgi-bin/webscr?cmd=_express-checkout&token=EC-9W602611B19075543', '2013-09-02 14:23:04'),
(81, 15, 'Payment Initialize', 'a:11:{s:4:"USER";s:43:"rakesh.r.singh-facilitator_api1.hotmail.com";s:3:"PWD";s:10:"1365084092";s:9:"SIGNATURE";s:56:"ApWtLka4wULT62MRX9srLoCdTAgEAQ8TaH1gX7YKJYYplhlApLOtxPkz";s:7:"VERSION";s:2:"93";s:13:"PAYMENTACTION";s:4:"Sale";s:9:"IPADDRESS";s:12:"192.168.1.67";s:12:"CURRENCYCODE";s:3:"HKD";s:9:"RETURNURL";s:62:"http://125.63.74.122/aiclub/index.php?model=member&action=paid";s:9:"CANCELURL";s:64:"http://125.63.74.122/aiclub/index.php?model=member&action=cancel";s:12:"SOLUTIONTYPE";s:4:"Sole";s:11:"LANDINGPAGE";s:7:"Billing";}', '2013-09-02 14:25:42'),
(82, 15, 'Final Payment', '&USER=rakesh.r.singh-facilitator_api1.hotmail.com&PWD=1365084092&SIGNATURE=ApWtLka4wULT62MRX9srLoCdTAgEAQ8TaH1gX7YKJYYplhlApLOtxPkz&VERSION=93&PAYMENTACTION=SALE&IPADDRESS=192.168.1.67&CURRENCYCODE=HKD&RETURNURL=http%3A%2F%2F125.63.74.122%2Faiclub%2Findex.php%3Fmodel%3Dmember%26action%3Dpaid&CANCELURL=http%3A%2F%2F125.63.74.122%2Faiclub%2Findex.php%3Fmodel%3Dmember%26action%3Dcancel&SOLUTIONTYPE=Sole&LANDINGPAGE=Billing&PAYMENTREQUEST_0_AMT=299&PAYMENTREQUEST_0_CURRENCYCODE=HKD&PAYMENTREQUEST_0_SELLERPAYPALACCOUNTID=vinay%40arxmind.com&PAYMENTREQUEST_0_PAYMENTREQUESTID=0&PAYMENTREQUEST_1_AMT=2800&PAYMENTREQUEST_1_CURRENCYCODE=HKD&PAYMENTREQUEST_1_SELLERPAYPALACCOUNTID=vinay%40arxmind.com&PAYMENTREQUEST_1_PAYMENTREQUESTID=1&METHOD=DoExpressCheckoutPayment&TOKEN=EC-9W602611B19075543&PAYERID=4PC56E5A36KP2&AMT=3099', '2013-09-02 14:25:42'),
(83, 15, 'Payment sent', '&USER=rakesh.r.singh-facilitator_api1.hotmail.com&PWD=1365084092&SIGNATURE=ApWtLka4wULT62MRX9srLoCdTAgEAQ8TaH1gX7YKJYYplhlApLOtxPkz&VERSION=93&PAYMENTACTION=SALE&IPADDRESS=192.168.1.67&CURRENCYCODE=HKD&RETURNURL=http%3A%2F%2F125.63.74.122%2Faiclub%2Findex.php%3Fmodel%3Dmember%26action%3Dpaid&CANCELURL=http%3A%2F%2F125.63.74.122%2Faiclub%2Findex.php%3Fmodel%3Dmember%26action%3Dcancel&SOLUTIONTYPE=Sole&LANDINGPAGE=Billing&PAYMENTREQUEST_0_AMT=299&PAYMENTREQUEST_0_CURRENCYCODE=HKD&PAYMENTREQUEST_0_SELLERPAYPALACCOUNTID=vinay%40arxmind.com&PAYMENTREQUEST_0_PAYMENTREQUESTID=0&PAYMENTREQUEST_1_AMT=2800&PAYMENTREQUEST_1_CURRENCYCODE=HKD&PAYMENTREQUEST_1_SELLERPAYPALACCOUNTID=vinay%40arxmind.com&PAYMENTREQUEST_1_PAYMENTREQUESTID=1&METHOD=DoExpressCheckoutPayment&TOKEN=EC-9W602611B19075543&PAYERID=4PC56E5A36KP2&AMT=3099', '2013-09-02 14:25:51'),
(84, 15, 'Payment Response', 'TOKEN=EC%2d9W602611B19075543&SUCCESSPAGEREDIRECTREQUESTED=false&TIMESTAMP=2013%2d09%2d02T08%3a55%3a51Z&CORRELATIONID=879bd1c837920&ACK=Success&VERSION=93&BUILD=7539191&INSURANCEOPTIONSELECTED=false&SHIPPINGOPTIONISDEFAULT=false&PAYMENTINFO_0_TRANSACTIONID=9V8634411D5967436&PAYMENTINFO_0_TRANSACTIONTYPE=expresscheckout&PAYMENTINFO_0_PAYMENTTYPE=instant&PAYMENTINFO_0_ORDERTIME=2013%2d09%2d02T08%3a55%3a49Z&PAYMENTINFO_0_AMT=299%2e00&PAYMENTINFO_0_TAXAMT=0%2e00&PAYMENTINFO_0_CURRENCYCODE=HKD&PAYMENTINFO_0_PAYMENTSTATUS=Pending&PAYMENTINFO_0_PENDINGREASON=unilateral&PAYMENTINFO_0_REASONCODE=None&PAYMENTINFO_0_PROTECTIONELIGIBILITY=Ineligible&PAYMENTINFO_0_PROTECTIONELIGIBILITYTYPE=None&PAYMENTINFO_0_SELLERPAYPALACCOUNTID=vinay%40arxmind%2ecom&PAYMENTINFO_0_PAYMENTREQUESTID=0&PAYMENTINFO_0_ERRORCODE=0&PAYMENTINFO_0_ACK=Success&PAYMENTINFO_1_TRANSACTIONID=8XR29524HM2455326&PAYMENTINFO_1_TRANSACTIONTYPE=expresscheckout&PAYMENTINFO_1_PAYMENTTYPE=instant&PAYMENTINFO_1_ORDERTIME=2013%2d09%2d02T08%3a55%3a49Z&PAYMENTINFO_1_AMT=2800%2e00&PAYMENTINFO_1_TAXAMT=0%2e00&PAYMENTINFO_1_CURRENCYCODE=HKD&PAYMENTINFO_1_PAYMENTSTATUS=Pending&PAYMENTINFO_1_PENDINGREASON=unilateral&PAYMENTINFO_1_REASONCODE=None&PAYMENTINFO_1_PROTECTIONELIGIBILITY=Ineligible&PAYMENTINFO_1_PROTECTIONELIGIBILITYTYPE=None&PAYMENTINFO_1_SELLERPAYPALACCOUNTID=vinay%40arxmind%2ecom&PAYMENTINFO_1_PAYMENTREQUESTID=1&PAYMENTINFO_1_ERRORCODE=0&PAYMENTINFO_1_ACK=Success', '2013-09-02 14:25:51'),
(85, 15, 'Final Payment', 'a:41:{s:5:"TOKEN";s:20:"EC-9W602611B19075543";s:28:"SUCCESSPAGEREDIRECTREQUESTED";s:5:"false";s:9:"TIMESTAMP";s:20:"2013-09-02T08:55:51Z";s:13:"CORRELATIONID";s:13:"879bd1c837920";s:3:"ACK";s:7:"Success";s:7:"VERSION";s:2:"93";s:5:"BUILD";s:7:"7539191";s:23:"INSURANCEOPTIONSELECTED";s:5:"false";s:23:"SHIPPINGOPTIONISDEFAULT";s:5:"false";s:27:"PAYMENTINFO_0_TRANSACTIONID";s:17:"9V8634411D5967436";s:29:"PAYMENTINFO_0_TRANSACTIONTYPE";s:15:"expresscheckout";s:25:"PAYMENTINFO_0_PAYMENTTYPE";s:7:"instant";s:23:"PAYMENTINFO_0_ORDERTIME";s:20:"2013-09-02T08:55:49Z";s:17:"PAYMENTINFO_0_AMT";s:6:"299.00";s:20:"PAYMENTINFO_0_TAXAMT";s:4:"0.00";s:26:"PAYMENTINFO_0_CURRENCYCODE";s:3:"HKD";s:27:"PAYMENTINFO_0_PAYMENTSTATUS";s:7:"Pending";s:27:"PAYMENTINFO_0_PENDINGREASON";s:10:"unilateral";s:24:"PAYMENTINFO_0_REASONCODE";s:4:"None";s:35:"PAYMENTINFO_0_PROTECTIONELIGIBILITY";s:10:"Ineligible";s:39:"PAYMENTINFO_0_PROTECTIONELIGIBILITYTYPE";s:4:"None";s:35:"PAYMENTINFO_0_SELLERPAYPALACCOUNTID";s:17:"vinay@arxmind.com";s:30:"PAYMENTINFO_0_PAYMENTREQUESTID";s:1:"0";s:23:"PAYMENTINFO_0_ERRORCODE";s:1:"0";s:17:"PAYMENTINFO_0_ACK";s:7:"Success";s:27:"PAYMENTINFO_1_TRANSACTIONID";s:17:"8XR29524HM2455326";s:29:"PAYMENTINFO_1_TRANSACTIONTYPE";s:15:"expresscheckout";s:25:"PAYMENTINFO_1_PAYMENTTYPE";s:7:"instant";s:23:"PAYMENTINFO_1_ORDERTIME";s:20:"2013-09-02T08:55:49Z";s:17:"PAYMENTINFO_1_AMT";s:7:"2800.00";s:20:"PAYMENTINFO_1_TAXAMT";s:4:"0.00";s:26:"PAYMENTINFO_1_CURRENCYCODE";s:3:"HKD";s:27:"PAYMENTINFO_1_PAYMENTSTATUS";s:7:"Pending";s:27:"PAYMENTINFO_1_PENDINGREASON";s:10:"unilateral";s:24:"PAYMENTINFO_1_REASONCODE";s:4:"None";s:35:"PAYMENTINFO_1_PROTECTIONELIGIBILITY";s:10:"Ineligible";s:39:"PAYMENTINFO_1_PROTECTIONELIGIBILITYTYPE";s:4:"None";s:35:"PAYMENTINFO_1_SELLERPAYPALACCOUNTID";s:17:"vinay@arxmind.com";s:30:"PAYMENTINFO_1_PAYMENTREQUESTID";s:1:"1";s:23:"PAYMENTINFO_1_ERRORCODE";s:1:"0";s:17:"PAYMENTINFO_1_ACK";s:7:"Success";}', '2013-09-02 14:25:51'),
(86, 16, 'Payment Initialize', 'a:11:{s:4:"USER";s:43:"rakesh.r.singh-facilitator_api1.hotmail.com";s:3:"PWD";s:10:"1365084092";s:9:"SIGNATURE";s:56:"ApWtLka4wULT62MRX9srLoCdTAgEAQ8TaH1gX7YKJYYplhlApLOtxPkz";s:7:"VERSION";s:2:"93";s:13:"PAYMENTACTION";s:4:"Sale";s:9:"IPADDRESS";s:12:"192.168.1.67";s:12:"CURRENCYCODE";s:3:"HKD";s:9:"RETURNURL";s:62:"http://125.63.74.122/aiclub/index.php?model=member&action=paid";s:9:"CANCELURL";s:64:"http://125.63.74.122/aiclub/index.php?model=member&action=cancel";s:12:"SOLUTIONTYPE";s:4:"Sole";s:11:"LANDINGPAGE";s:7:"Billing";}', '2013-09-02 14:49:51'),
(87, 16, 'Ready To payment', '&USER=rakesh.r.singh-facilitator_api1.hotmail.com&PWD=1365084092&SIGNATURE=ApWtLka4wULT62MRX9srLoCdTAgEAQ8TaH1gX7YKJYYplhlApLOtxPkz&VERSION=93&PAYMENTACTION=Sale&IPADDRESS=192.168.1.67&CURRENCYCODE=HKD&RETURNURL=http%3A%2F%2F125.63.74.122%2Faiclub%2Findex.php%3Fmodel%3Dmember%26action%3Dpaid&CANCELURL=http%3A%2F%2F125.63.74.122%2Faiclub%2Findex.php%3Fmodel%3Dmember%26action%3Dcancel&SOLUTIONTYPE=Sole&LANDINGPAGE=Billing&PAYMENTREQUEST_0_PAYMENTREQUESTID=0&PAYMENTREQUEST_0_CURRENCYCODE=HKD&PAYMENTREQUEST_0_AMT=299&PAYMENTREQUEST_0_ITEMAMT=299&L_PAYMENTREQUEST_0_QTY0=1&L_PAYMENTREQUEST_0_AMT0=299&L_PAYMENTREQUEST_0_NAME0=AI%2BClub%2BBasic%2BPreliminary%2BMembership&L_PAYMENTREQUEST_0_NUMBER0=BP&PAYMENTREQUEST_0_SELLERPAYPALACCOUNTID=AI+Club&PAYMENTREQUEST_1_PAYMENTREQUESTID=1&PAYMENTREQUEST_1_CURRENCYCODE=HKD&PAYMENTREQUEST_1_AMT=4300&PAYMENTREQUEST_1_ITEMAMT=4300&L_PAYMENTREQUEST_1_QTY0=1&L_PAYMENTREQUEST_1_AMT0=4300&L_PAYMENTREQUEST_1_NAME0=AI%2BClub%2BUpgraded%2BPreliminary%2BMembership%2B%2528IQ%2BTest%2BEdition%2529&L_PAYMENTREQUEST_1_NUMBER0=IQ&PAYMENTREQUEST_1_SELLERPAYPALACCOUNTID=AI+Club&METHOD=SetExpressCheckout&AMT=4599&ALLOWNOTE=1', '2013-09-02 14:49:51'),
(88, 16, 'Payment sent', '&USER=rakesh.r.singh-facilitator_api1.hotmail.com&PWD=1365084092&SIGNATURE=ApWtLka4wULT62MRX9srLoCdTAgEAQ8TaH1gX7YKJYYplhlApLOtxPkz&VERSION=93&PAYMENTACTION=Sale&IPADDRESS=192.168.1.67&CURRENCYCODE=HKD&RETURNURL=http%3A%2F%2F125.63.74.122%2Faiclub%2Findex.php%3Fmodel%3Dmember%26action%3Dpaid&CANCELURL=http%3A%2F%2F125.63.74.122%2Faiclub%2Findex.php%3Fmodel%3Dmember%26action%3Dcancel&SOLUTIONTYPE=Sole&LANDINGPAGE=Billing&PAYMENTREQUEST_0_PAYMENTREQUESTID=0&PAYMENTREQUEST_0_CURRENCYCODE=HKD&PAYMENTREQUEST_0_AMT=299&PAYMENTREQUEST_0_ITEMAMT=299&L_PAYMENTREQUEST_0_QTY0=1&L_PAYMENTREQUEST_0_AMT0=299&L_PAYMENTREQUEST_0_NAME0=AI%2BClub%2BBasic%2BPreliminary%2BMembership&L_PAYMENTREQUEST_0_NUMBER0=BP&PAYMENTREQUEST_0_SELLERPAYPALACCOUNTID=AI+Club&PAYMENTREQUEST_1_PAYMENTREQUESTID=1&PAYMENTREQUEST_1_CURRENCYCODE=HKD&PAYMENTREQUEST_1_AMT=4300&PAYMENTREQUEST_1_ITEMAMT=4300&L_PAYMENTREQUEST_1_QTY0=1&L_PAYMENTREQUEST_1_AMT0=4300&L_PAYMENTREQUEST_1_NAME0=AI%2BClub%2BUpgraded%2BPreliminary%2BMembership%2B%2528IQ%2BTest%2BEdition%2529&L_PAYMENTREQUEST_1_NUMBER0=IQ&PAYMENTREQUEST_1_SELLERPAYPALACCOUNTID=AI+Club&METHOD=SetExpressCheckout&AMT=4599&ALLOWNOTE=1', '2013-09-02 14:50:01'),
(89, 16, 'Payment Response', 'TOKEN=EC%2d6LB55257FM7722228&TIMESTAMP=2013%2d09%2d02T09%3a20%3a01Z&CORRELATIONID=484a8deb138a3&ACK=Success&VERSION=93&BUILD=7539191', '2013-09-02 14:50:01'),
(90, 16, 'Paypal Redirect', 'https://www.sandbox.paypal.com/cgi-bin/webscr?cmd=_express-checkout&token=EC-6LB55257FM7722228', '2013-09-02 14:50:01'),
(91, 16, 'Payment Initialize', 'a:11:{s:4:"USER";s:43:"rakesh.r.singh-facilitator_api1.hotmail.com";s:3:"PWD";s:10:"1365084092";s:9:"SIGNATURE";s:56:"ApWtLka4wULT62MRX9srLoCdTAgEAQ8TaH1gX7YKJYYplhlApLOtxPkz";s:7:"VERSION";s:2:"93";s:13:"PAYMENTACTION";s:4:"Sale";s:9:"IPADDRESS";s:12:"192.168.1.67";s:12:"CURRENCYCODE";s:3:"HKD";s:9:"RETURNURL";s:62:"http://125.63.74.122/aiclub/index.php?model=member&action=paid";s:9:"CANCELURL";s:64:"http://125.63.74.122/aiclub/index.php?model=member&action=cancel";s:12:"SOLUTIONTYPE";s:4:"Sole";s:11:"LANDINGPAGE";s:7:"Billing";}', '2013-09-02 14:50:33'),
(92, 16, 'Ready To payment', '&USER=rakesh.r.singh-facilitator_api1.hotmail.com&PWD=1365084092&SIGNATURE=ApWtLka4wULT62MRX9srLoCdTAgEAQ8TaH1gX7YKJYYplhlApLOtxPkz&VERSION=93&PAYMENTACTION=Sale&IPADDRESS=192.168.1.67&CURRENCYCODE=HKD&RETURNURL=http%3A%2F%2F125.63.74.122%2Faiclub%2Findex.php%3Fmodel%3Dmember%26action%3Dpaid&CANCELURL=http%3A%2F%2F125.63.74.122%2Faiclub%2Findex.php%3Fmodel%3Dmember%26action%3Dcancel&SOLUTIONTYPE=Sole&LANDINGPAGE=Billing&PAYMENTREQUEST_0_PAYMENTREQUESTID=0&PAYMENTREQUEST_0_CURRENCYCODE=HKD&PAYMENTREQUEST_0_AMT=299&PAYMENTREQUEST_0_ITEMAMT=299&L_PAYMENTREQUEST_0_QTY0=1&L_PAYMENTREQUEST_0_AMT0=299&L_PAYMENTREQUEST_0_NAME0=AI%2BClub%2BBasic%2BPreliminary%2BMembership&L_PAYMENTREQUEST_0_NUMBER0=BP&PAYMENTREQUEST_0_SELLERPAYPALACCOUNTID=AI+Club&PAYMENTREQUEST_1_PAYMENTREQUESTID=1&PAYMENTREQUEST_1_CURRENCYCODE=HKD&PAYMENTREQUEST_1_AMT=4300&PAYMENTREQUEST_1_ITEMAMT=4300&L_PAYMENTREQUEST_1_QTY0=1&L_PAYMENTREQUEST_1_AMT0=4300&L_PAYMENTREQUEST_1_NAME0=AI%2BClub%2BUpgraded%2BPreliminary%2BMembership%2B%2528IQ%2BTest%2BEdition%2529&L_PAYMENTREQUEST_1_NUMBER0=IQ&PAYMENTREQUEST_1_SELLERPAYPALACCOUNTID=AI+Club&METHOD=SetExpressCheckout&AMT=4599&ALLOWNOTE=1', '2013-09-02 14:50:33'),
(93, 16, 'Payment sent', '&USER=rakesh.r.singh-facilitator_api1.hotmail.com&PWD=1365084092&SIGNATURE=ApWtLka4wULT62MRX9srLoCdTAgEAQ8TaH1gX7YKJYYplhlApLOtxPkz&VERSION=93&PAYMENTACTION=Sale&IPADDRESS=192.168.1.67&CURRENCYCODE=HKD&RETURNURL=http%3A%2F%2F125.63.74.122%2Faiclub%2Findex.php%3Fmodel%3Dmember%26action%3Dpaid&CANCELURL=http%3A%2F%2F125.63.74.122%2Faiclub%2Findex.php%3Fmodel%3Dmember%26action%3Dcancel&SOLUTIONTYPE=Sole&LANDINGPAGE=Billing&PAYMENTREQUEST_0_PAYMENTREQUESTID=0&PAYMENTREQUEST_0_CURRENCYCODE=HKD&PAYMENTREQUEST_0_AMT=299&PAYMENTREQUEST_0_ITEMAMT=299&L_PAYMENTREQUEST_0_QTY0=1&L_PAYMENTREQUEST_0_AMT0=299&L_PAYMENTREQUEST_0_NAME0=AI%2BClub%2BBasic%2BPreliminary%2BMembership&L_PAYMENTREQUEST_0_NUMBER0=BP&PAYMENTREQUEST_0_SELLERPAYPALACCOUNTID=AI+Club&PAYMENTREQUEST_1_PAYMENTREQUESTID=1&PAYMENTREQUEST_1_CURRENCYCODE=HKD&PAYMENTREQUEST_1_AMT=4300&PAYMENTREQUEST_1_ITEMAMT=4300&L_PAYMENTREQUEST_1_QTY0=1&L_PAYMENTREQUEST_1_AMT0=4300&L_PAYMENTREQUEST_1_NAME0=AI%2BClub%2BUpgraded%2BPreliminary%2BMembership%2B%2528IQ%2BTest%2BEdition%2529&L_PAYMENTREQUEST_1_NUMBER0=IQ&PAYMENTREQUEST_1_SELLERPAYPALACCOUNTID=AI+Club&METHOD=SetExpressCheckout&AMT=4599&ALLOWNOTE=1', '2013-09-02 14:50:36'),
(94, 16, 'Payment Response', 'TOKEN=EC%2d0LT8451367387822U&TIMESTAMP=2013%2d09%2d02T09%3a20%3a36Z&CORRELATIONID=bb90f1145feae&ACK=Success&VERSION=93&BUILD=7539191', '2013-09-02 14:50:36'),
(95, 16, 'Paypal Redirect', 'https://www.sandbox.paypal.com/cgi-bin/webscr?cmd=_express-checkout&token=EC-0LT8451367387822U', '2013-09-02 14:50:36'),
(96, 17, 'Payment Initialize', 'a:11:{s:4:"USER";s:43:"rakesh.r.singh-facilitator_api1.hotmail.com";s:3:"PWD";s:10:"1365084092";s:9:"SIGNATURE";s:56:"ApWtLka4wULT62MRX9srLoCdTAgEAQ8TaH1gX7YKJYYplhlApLOtxPkz";s:7:"VERSION";s:2:"93";s:13:"PAYMENTACTION";s:4:"Sale";s:9:"IPADDRESS";s:12:"192.168.1.67";s:12:"CURRENCYCODE";s:3:"HKD";s:9:"RETURNURL";s:62:"http://125.63.74.122/aiclub/index.php?model=member&action=paid";s:9:"CANCELURL";s:64:"http://125.63.74.122/aiclub/index.php?model=member&action=cancel";s:12:"SOLUTIONTYPE";s:4:"Sole";s:11:"LANDINGPAGE";s:7:"Billing";}', '2013-09-02 14:52:50'),
(97, 17, 'Ready To payment', '&USER=rakesh.r.singh-facilitator_api1.hotmail.com&PWD=1365084092&SIGNATURE=ApWtLka4wULT62MRX9srLoCdTAgEAQ8TaH1gX7YKJYYplhlApLOtxPkz&VERSION=93&PAYMENTACTION=Sale&IPADDRESS=192.168.1.67&CURRENCYCODE=HKD&RETURNURL=http%3A%2F%2F125.63.74.122%2Faiclub%2Findex.php%3Fmodel%3Dmember%26action%3Dpaid&CANCELURL=http%3A%2F%2F125.63.74.122%2Faiclub%2Findex.php%3Fmodel%3Dmember%26action%3Dcancel&SOLUTIONTYPE=Sole&LANDINGPAGE=Billing&PAYMENTREQUEST_0_PAYMENTREQUESTID=0&PAYMENTREQUEST_0_CURRENCYCODE=HKD&PAYMENTREQUEST_0_AMT=299&PAYMENTREQUEST_0_ITEMAMT=299&L_PAYMENTREQUEST_0_QTY0=1&L_PAYMENTREQUEST_0_AMT0=299&L_PAYMENTREQUEST_0_NAME0=AI%2BClub%2BBasic%2BPreliminary%2BMembership&L_PAYMENTREQUEST_0_NUMBER0=BP&PAYMENTREQUEST_0_SELLERPAYPALACCOUNTID=AI+Club&PAYMENTREQUEST_1_PAYMENTREQUESTID=1&PAYMENTREQUEST_1_CURRENCYCODE=HKD&PAYMENTREQUEST_1_AMT=2800&PAYMENTREQUEST_1_ITEMAMT=2800&L_PAYMENTREQUEST_1_QTY0=1&L_PAYMENTREQUEST_1_AMT0=2800&L_PAYMENTREQUEST_1_NAME0=AI%2BClub%2BUpgraded%2BPreliminary%2BMembership%2B%2528Multiple%2BIntelligence%2BTalent%2BAssesment%2BEdition&L_PAYMENTREQUEST_1_NUMBER0=MITS&PAYMENTREQUEST_1_SELLERPAYPALACCOUNTID=AI+Club&METHOD=SetExpressCheckout&AMT=3099&ALLOWNOTE=1', '2013-09-02 14:52:50'),
(98, 17, 'Payment sent', '&USER=rakesh.r.singh-facilitator_api1.hotmail.com&PWD=1365084092&SIGNATURE=ApWtLka4wULT62MRX9srLoCdTAgEAQ8TaH1gX7YKJYYplhlApLOtxPkz&VERSION=93&PAYMENTACTION=Sale&IPADDRESS=192.168.1.67&CURRENCYCODE=HKD&RETURNURL=http%3A%2F%2F125.63.74.122%2Faiclub%2Findex.php%3Fmodel%3Dmember%26action%3Dpaid&CANCELURL=http%3A%2F%2F125.63.74.122%2Faiclub%2Findex.php%3Fmodel%3Dmember%26action%3Dcancel&SOLUTIONTYPE=Sole&LANDINGPAGE=Billing&PAYMENTREQUEST_0_PAYMENTREQUESTID=0&PAYMENTREQUEST_0_CURRENCYCODE=HKD&PAYMENTREQUEST_0_AMT=299&PAYMENTREQUEST_0_ITEMAMT=299&L_PAYMENTREQUEST_0_QTY0=1&L_PAYMENTREQUEST_0_AMT0=299&L_PAYMENTREQUEST_0_NAME0=AI%2BClub%2BBasic%2BPreliminary%2BMembership&L_PAYMENTREQUEST_0_NUMBER0=BP&PAYMENTREQUEST_0_SELLERPAYPALACCOUNTID=AI+Club&PAYMENTREQUEST_1_PAYMENTREQUESTID=1&PAYMENTREQUEST_1_CURRENCYCODE=HKD&PAYMENTREQUEST_1_AMT=2800&PAYMENTREQUEST_1_ITEMAMT=2800&L_PAYMENTREQUEST_1_QTY0=1&L_PAYMENTREQUEST_1_AMT0=2800&L_PAYMENTREQUEST_1_NAME0=AI%2BClub%2BUpgraded%2BPreliminary%2BMembership%2B%2528Multiple%2BIntelligence%2BTalent%2BAssesment%2BEdition&L_PAYMENTREQUEST_1_NUMBER0=MITS&PAYMENTREQUEST_1_SELLERPAYPALACCOUNTID=AI+Club&METHOD=SetExpressCheckout&AMT=3099&ALLOWNOTE=1', '2013-09-02 14:52:56'),
(99, 17, 'Payment Response', 'TOKEN=EC%2d7F532653NJ520912T&TIMESTAMP=2013%2d09%2d02T09%3a22%3a55Z&CORRELATIONID=966583c497847&ACK=Success&VERSION=93&BUILD=7539191', '2013-09-02 14:52:56'),
(100, 17, 'Paypal Redirect', 'https://www.sandbox.paypal.com/cgi-bin/webscr?cmd=_express-checkout&token=EC-7F532653NJ520912T', '2013-09-02 14:52:56'),
(101, 18, 'Payment Initialize', 'a:11:{s:4:"USER";s:30:"info_api1.athenaintellects.com";s:3:"PWD";s:16:"Y2LBLJ8GVWZ8ZM5G";s:9:"SIGNATURE";s:56:"AFcWxV21C7fd0v3bYYYRCpSSRl31AaAXgh2bZMTxObPeX6WG2I3J6YYF";s:7:"VERSION";s:2:"93";s:13:"PAYMENTACTION";s:4:"Sale";s:9:"IPADDRESS";s:12:"192.168.1.67";s:12:"CURRENCYCODE";s:3:"HKD";s:9:"RETURNURL";s:62:"http://125.63.74.122/aiclub/index.php?model=member&action=paid";s:9:"CANCELURL";s:64:"http://125.63.74.122/aiclub/index.php?model=member&action=cancel";s:12:"SOLUTIONTYPE";s:4:"Sole";s:11:"LANDINGPAGE";s:7:"Billing";}', '2013-09-02 14:54:43'),
(102, 18, 'Ready To payment', '&USER=info_api1.athenaintellects.com&PWD=Y2LBLJ8GVWZ8ZM5G&SIGNATURE=AFcWxV21C7fd0v3bYYYRCpSSRl31AaAXgh2bZMTxObPeX6WG2I3J6YYF&VERSION=93&PAYMENTACTION=Sale&IPADDRESS=192.168.1.67&CURRENCYCODE=HKD&RETURNURL=http%3A%2F%2F125.63.74.122%2Faiclub%2Findex.php%3Fmodel%3Dmember%26action%3Dpaid&CANCELURL=http%3A%2F%2F125.63.74.122%2Faiclub%2Findex.php%3Fmodel%3Dmember%26action%3Dcancel&SOLUTIONTYPE=Sole&LANDINGPAGE=Billing&PAYMENTREQUEST_0_PAYMENTREQUESTID=0&PAYMENTREQUEST_0_CURRENCYCODE=HKD&PAYMENTREQUEST_0_AMT=299&PAYMENTREQUEST_0_ITEMAMT=299&L_PAYMENTREQUEST_0_QTY0=1&L_PAYMENTREQUEST_0_AMT0=299&L_PAYMENTREQUEST_0_NAME0=AI%2BClub%2BBasic%2BPreliminary%2BMembership&L_PAYMENTREQUEST_0_NUMBER0=BP&PAYMENTREQUEST_0_SELLERPAYPALACCOUNTID=AI+Club&PAYMENTREQUEST_1_PAYMENTREQUESTID=1&PAYMENTREQUEST_1_CURRENCYCODE=HKD&PAYMENTREQUEST_1_AMT=4300&PAYMENTREQUEST_1_ITEMAMT=4300&L_PAYMENTREQUEST_1_QTY0=1&L_PAYMENTREQUEST_1_AMT0=4300&L_PAYMENTREQUEST_1_NAME0=AI%2BClub%2BUpgraded%2BPreliminary%2BMembership%2B%2528IQ%2BTest%2BEdition%2529&L_PAYMENTREQUEST_1_NUMBER0=IQ&PAYMENTREQUEST_1_SELLERPAYPALACCOUNTID=AI+Club&METHOD=SetExpressCheckout&AMT=4599&ALLOWNOTE=1', '2013-09-02 14:54:43'),
(103, 18, 'Payment sent', '&USER=info_api1.athenaintellects.com&PWD=Y2LBLJ8GVWZ8ZM5G&SIGNATURE=AFcWxV21C7fd0v3bYYYRCpSSRl31AaAXgh2bZMTxObPeX6WG2I3J6YYF&VERSION=93&PAYMENTACTION=Sale&IPADDRESS=192.168.1.67&CURRENCYCODE=HKD&RETURNURL=http%3A%2F%2F125.63.74.122%2Faiclub%2Findex.php%3Fmodel%3Dmember%26action%3Dpaid&CANCELURL=http%3A%2F%2F125.63.74.122%2Faiclub%2Findex.php%3Fmodel%3Dmember%26action%3Dcancel&SOLUTIONTYPE=Sole&LANDINGPAGE=Billing&PAYMENTREQUEST_0_PAYMENTREQUESTID=0&PAYMENTREQUEST_0_CURRENCYCODE=HKD&PAYMENTREQUEST_0_AMT=299&PAYMENTREQUEST_0_ITEMAMT=299&L_PAYMENTREQUEST_0_QTY0=1&L_PAYMENTREQUEST_0_AMT0=299&L_PAYMENTREQUEST_0_NAME0=AI%2BClub%2BBasic%2BPreliminary%2BMembership&L_PAYMENTREQUEST_0_NUMBER0=BP&PAYMENTREQUEST_0_SELLERPAYPALACCOUNTID=AI+Club&PAYMENTREQUEST_1_PAYMENTREQUESTID=1&PAYMENTREQUEST_1_CURRENCYCODE=HKD&PAYMENTREQUEST_1_AMT=4300&PAYMENTREQUEST_1_ITEMAMT=4300&L_PAYMENTREQUEST_1_QTY0=1&L_PAYMENTREQUEST_1_AMT0=4300&L_PAYMENTREQUEST_1_NAME0=AI%2BClub%2BUpgraded%2BPreliminary%2BMembership%2B%2528IQ%2BTest%2BEdition%2529&L_PAYMENTREQUEST_1_NUMBER0=IQ&PAYMENTREQUEST_1_SELLERPAYPALACCOUNTID=AI+Club&METHOD=SetExpressCheckout&AMT=4599&ALLOWNOTE=1', '2013-09-02 14:54:49'),
(104, 18, 'Payment Response', 'TIMESTAMP=2013%2d09%2d02T09%3a24%3a49Z&CORRELATIONID=145cc1677f4f4&ACK=Failure&VERSION=93&BUILD=7539191&L_ERRORCODE0=10002&L_SHORTMESSAGE0=Security%20error&L_LONGMESSAGE0=Security%20header%20is%20not%20valid&L_SEVERITYCODE0=Error', '2013-09-02 14:54:49'),
(105, 18, 'Payment Initialize', 'a:11:{s:4:"USER";s:30:"info_api1.athenaintellects.com";s:3:"PWD";s:16:"Y2LBLJ8GVWZ8ZM5G";s:9:"SIGNATURE";s:56:"AFcWxV21C7fd0v3bYYYRCpSSRl31AaAXgh2bZMTxObPeX6WG2I3J6YYF";s:7:"VERSION";s:2:"93";s:13:"PAYMENTACTION";s:4:"Sale";s:9:"IPADDRESS";s:12:"192.168.1.67";s:12:"CURRENCYCODE";s:3:"HKD";s:9:"RETURNURL";s:62:"http://125.63.74.122/aiclub/index.php?model=member&action=paid";s:9:"CANCELURL";s:64:"http://125.63.74.122/aiclub/index.php?model=member&action=cancel";s:12:"SOLUTIONTYPE";s:4:"Sole";s:11:"LANDINGPAGE";s:7:"Billing";}', '2013-09-02 14:55:22'),
(106, 18, 'Ready To payment', '&USER=info_api1.athenaintellects.com&PWD=Y2LBLJ8GVWZ8ZM5G&SIGNATURE=AFcWxV21C7fd0v3bYYYRCpSSRl31AaAXgh2bZMTxObPeX6WG2I3J6YYF&VERSION=93&PAYMENTACTION=Sale&IPADDRESS=192.168.1.67&CURRENCYCODE=HKD&RETURNURL=http%3A%2F%2F125.63.74.122%2Faiclub%2Findex.php%3Fmodel%3Dmember%26action%3Dpaid&CANCELURL=http%3A%2F%2F125.63.74.122%2Faiclub%2Findex.php%3Fmodel%3Dmember%26action%3Dcancel&SOLUTIONTYPE=Sole&LANDINGPAGE=Billing&PAYMENTREQUEST_0_PAYMENTREQUESTID=0&PAYMENTREQUEST_0_CURRENCYCODE=HKD&PAYMENTREQUEST_0_AMT=299&PAYMENTREQUEST_0_ITEMAMT=299&L_PAYMENTREQUEST_0_QTY0=1&L_PAYMENTREQUEST_0_AMT0=299&L_PAYMENTREQUEST_0_NAME0=AI%2BClub%2BBasic%2BPreliminary%2BMembership&L_PAYMENTREQUEST_0_NUMBER0=BP&PAYMENTREQUEST_0_SELLERPAYPALACCOUNTID=AI+Club&PAYMENTREQUEST_1_PAYMENTREQUESTID=1&PAYMENTREQUEST_1_CURRENCYCODE=HKD&PAYMENTREQUEST_1_AMT=4300&PAYMENTREQUEST_1_ITEMAMT=4300&L_PAYMENTREQUEST_1_QTY0=1&L_PAYMENTREQUEST_1_AMT0=4300&L_PAYMENTREQUEST_1_NAME0=AI%2BClub%2BUpgraded%2BPreliminary%2BMembership%2B%2528IQ%2BTest%2BEdition%2529&L_PAYMENTREQUEST_1_NUMBER0=IQ&PAYMENTREQUEST_1_SELLERPAYPALACCOUNTID=AI+Club&METHOD=SetExpressCheckout&AMT=4599&ALLOWNOTE=1', '2013-09-02 14:55:22'),
(107, 18, 'Payment sent', '&USER=info_api1.athenaintellects.com&PWD=Y2LBLJ8GVWZ8ZM5G&SIGNATURE=AFcWxV21C7fd0v3bYYYRCpSSRl31AaAXgh2bZMTxObPeX6WG2I3J6YYF&VERSION=93&PAYMENTACTION=Sale&IPADDRESS=192.168.1.67&CURRENCYCODE=HKD&RETURNURL=http%3A%2F%2F125.63.74.122%2Faiclub%2Findex.php%3Fmodel%3Dmember%26action%3Dpaid&CANCELURL=http%3A%2F%2F125.63.74.122%2Faiclub%2Findex.php%3Fmodel%3Dmember%26action%3Dcancel&SOLUTIONTYPE=Sole&LANDINGPAGE=Billing&PAYMENTREQUEST_0_PAYMENTREQUESTID=0&PAYMENTREQUEST_0_CURRENCYCODE=HKD&PAYMENTREQUEST_0_AMT=299&PAYMENTREQUEST_0_ITEMAMT=299&L_PAYMENTREQUEST_0_QTY0=1&L_PAYMENTREQUEST_0_AMT0=299&L_PAYMENTREQUEST_0_NAME0=AI%2BClub%2BBasic%2BPreliminary%2BMembership&L_PAYMENTREQUEST_0_NUMBER0=BP&PAYMENTREQUEST_0_SELLERPAYPALACCOUNTID=AI+Club&PAYMENTREQUEST_1_PAYMENTREQUESTID=1&PAYMENTREQUEST_1_CURRENCYCODE=HKD&PAYMENTREQUEST_1_AMT=4300&PAYMENTREQUEST_1_ITEMAMT=4300&L_PAYMENTREQUEST_1_QTY0=1&L_PAYMENTREQUEST_1_AMT0=4300&L_PAYMENTREQUEST_1_NAME0=AI%2BClub%2BUpgraded%2BPreliminary%2BMembership%2B%2528IQ%2BTest%2BEdition%2529&L_PAYMENTREQUEST_1_NUMBER0=IQ&PAYMENTREQUEST_1_SELLERPAYPALACCOUNTID=AI+Club&METHOD=SetExpressCheckout&AMT=4599&ALLOWNOTE=1', '2013-09-02 14:55:28'),
(108, 18, 'Payment Response', 'TIMESTAMP=2013%2d09%2d02T09%3a25%3a28Z&CORRELATIONID=97ab42a2e6d&ACK=Failure&VERSION=93&BUILD=7539191&L_ERRORCODE0=10002&L_SHORTMESSAGE0=Security%20error&L_LONGMESSAGE0=Security%20header%20is%20not%20valid&L_SEVERITYCODE0=Error', '2013-09-02 14:55:28'),
(109, 18, 'Payment Initialize', 'a:11:{s:4:"USER";s:30:"info_api1.athenaintellects.com";s:3:"PWD";s:16:"Y2LBLJ8GVWZ8ZM5G";s:9:"SIGNATURE";s:56:"AFcWxV21C7fd0v3bYYYRCpSSRl31AaAXgh2bZMTxObPeX6WG2I3J6YYF";s:7:"VERSION";s:2:"93";s:13:"PAYMENTACTION";s:4:"Sale";s:9:"IPADDRESS";s:12:"192.168.1.67";s:12:"CURRENCYCODE";s:3:"HKD";s:9:"RETURNURL";s:62:"http://125.63.74.122/aiclub/index.php?model=member&action=paid";s:9:"CANCELURL";s:64:"http://125.63.74.122/aiclub/index.php?model=member&action=cancel";s:12:"SOLUTIONTYPE";s:4:"Sole";s:11:"LANDINGPAGE";s:7:"Billing";}', '2013-09-02 14:56:08'),
(110, 18, 'Ready To payment', '&USER=info_api1.athenaintellects.com&PWD=Y2LBLJ8GVWZ8ZM5G&SIGNATURE=AFcWxV21C7fd0v3bYYYRCpSSRl31AaAXgh2bZMTxObPeX6WG2I3J6YYF&VERSION=93&PAYMENTACTION=Sale&IPADDRESS=192.168.1.67&CURRENCYCODE=HKD&RETURNURL=http%3A%2F%2F125.63.74.122%2Faiclub%2Findex.php%3Fmodel%3Dmember%26action%3Dpaid&CANCELURL=http%3A%2F%2F125.63.74.122%2Faiclub%2Findex.php%3Fmodel%3Dmember%26action%3Dcancel&SOLUTIONTYPE=Sole&LANDINGPAGE=Billing&PAYMENTREQUEST_0_PAYMENTREQUESTID=0&PAYMENTREQUEST_0_CURRENCYCODE=HKD&PAYMENTREQUEST_0_AMT=299&PAYMENTREQUEST_0_ITEMAMT=299&L_PAYMENTREQUEST_0_QTY0=1&L_PAYMENTREQUEST_0_AMT0=299&L_PAYMENTREQUEST_0_NAME0=AI%2BClub%2BBasic%2BPreliminary%2BMembership&L_PAYMENTREQUEST_0_NUMBER0=BP&PAYMENTREQUEST_0_SELLERPAYPALACCOUNTID=AI+Club&PAYMENTREQUEST_1_PAYMENTREQUESTID=1&PAYMENTREQUEST_1_CURRENCYCODE=HKD&PAYMENTREQUEST_1_AMT=4300&PAYMENTREQUEST_1_ITEMAMT=4300&L_PAYMENTREQUEST_1_QTY0=1&L_PAYMENTREQUEST_1_AMT0=4300&L_PAYMENTREQUEST_1_NAME0=AI%2BClub%2BUpgraded%2BPreliminary%2BMembership%2B%2528IQ%2BTest%2BEdition%2529&L_PAYMENTREQUEST_1_NUMBER0=IQ&PAYMENTREQUEST_1_SELLERPAYPALACCOUNTID=AI+Club&METHOD=SetExpressCheckout&AMT=4599&ALLOWNOTE=1', '2013-09-02 14:56:08'),
(111, 18, 'Payment sent', '&USER=info_api1.athenaintellects.com&PWD=Y2LBLJ8GVWZ8ZM5G&SIGNATURE=AFcWxV21C7fd0v3bYYYRCpSSRl31AaAXgh2bZMTxObPeX6WG2I3J6YYF&VERSION=93&PAYMENTACTION=Sale&IPADDRESS=192.168.1.67&CURRENCYCODE=HKD&RETURNURL=http%3A%2F%2F125.63.74.122%2Faiclub%2Findex.php%3Fmodel%3Dmember%26action%3Dpaid&CANCELURL=http%3A%2F%2F125.63.74.122%2Faiclub%2Findex.php%3Fmodel%3Dmember%26action%3Dcancel&SOLUTIONTYPE=Sole&LANDINGPAGE=Billing&PAYMENTREQUEST_0_PAYMENTREQUESTID=0&PAYMENTREQUEST_0_CURRENCYCODE=HKD&PAYMENTREQUEST_0_AMT=299&PAYMENTREQUEST_0_ITEMAMT=299&L_PAYMENTREQUEST_0_QTY0=1&L_PAYMENTREQUEST_0_AMT0=299&L_PAYMENTREQUEST_0_NAME0=AI%2BClub%2BBasic%2BPreliminary%2BMembership&L_PAYMENTREQUEST_0_NUMBER0=BP&PAYMENTREQUEST_0_SELLERPAYPALACCOUNTID=AI+Club&PAYMENTREQUEST_1_PAYMENTREQUESTID=1&PAYMENTREQUEST_1_CURRENCYCODE=HKD&PAYMENTREQUEST_1_AMT=4300&PAYMENTREQUEST_1_ITEMAMT=4300&L_PAYMENTREQUEST_1_QTY0=1&L_PAYMENTREQUEST_1_AMT0=4300&L_PAYMENTREQUEST_1_NAME0=AI%2BClub%2BUpgraded%2BPreliminary%2BMembership%2B%2528IQ%2BTest%2BEdition%2529&L_PAYMENTREQUEST_1_NUMBER0=IQ&PAYMENTREQUEST_1_SELLERPAYPALACCOUNTID=AI+Club&METHOD=SetExpressCheckout&AMT=4599&ALLOWNOTE=1', '2013-09-02 14:56:13'),
(112, 18, 'Payment Response', 'TIMESTAMP=2013%2d09%2d02T09%3a26%3a13Z&CORRELATIONID=a655fb08adebb&ACK=Failure&VERSION=93&BUILD=7539191&L_ERRORCODE0=10002&L_SHORTMESSAGE0=Security%20error&L_LONGMESSAGE0=Security%20header%20is%20not%20valid&L_SEVERITYCODE0=Error', '2013-09-02 14:56:13'),
(113, 18, 'Payment Initialize', 'a:11:{s:4:"USER";s:30:"info_api1.athenaintellects.com";s:3:"PWD";s:16:"Y2LBLJ8GVWZ8ZM5G";s:9:"SIGNATURE";s:56:"AFcWxV21C7fd0v3bYYYRCpSSRl31AaAXgh2bZMTxObPeX6WG2I3J6YYF";s:7:"VERSION";s:2:"93";s:13:"PAYMENTACTION";s:4:"Sale";s:9:"IPADDRESS";s:12:"192.168.1.67";s:12:"CURRENCYCODE";s:3:"HKD";s:9:"RETURNURL";s:62:"http://125.63.74.122/aiclub/index.php?model=member&action=paid";s:9:"CANCELURL";s:64:"http://125.63.74.122/aiclub/index.php?model=member&action=cancel";s:12:"SOLUTIONTYPE";s:4:"Sole";s:11:"LANDINGPAGE";s:7:"Billing";}', '2013-09-02 14:58:59'),
(114, 18, 'Ready To payment', '&USER=info_api1.athenaintellects.com&PWD=Y2LBLJ8GVWZ8ZM5G&SIGNATURE=AFcWxV21C7fd0v3bYYYRCpSSRl31AaAXgh2bZMTxObPeX6WG2I3J6YYF&VERSION=93&PAYMENTACTION=Sale&IPADDRESS=192.168.1.67&CURRENCYCODE=HKD&RETURNURL=http%3A%2F%2F125.63.74.122%2Faiclub%2Findex.php%3Fmodel%3Dmember%26action%3Dpaid&CANCELURL=http%3A%2F%2F125.63.74.122%2Faiclub%2Findex.php%3Fmodel%3Dmember%26action%3Dcancel&SOLUTIONTYPE=Sole&LANDINGPAGE=Billing&PAYMENTREQUEST_0_PAYMENTREQUESTID=0&PAYMENTREQUEST_0_CURRENCYCODE=HKD&PAYMENTREQUEST_0_AMT=299&PAYMENTREQUEST_0_ITEMAMT=299&L_PAYMENTREQUEST_0_QTY0=1&L_PAYMENTREQUEST_0_AMT0=299&L_PAYMENTREQUEST_0_NAME0=AI%2BClub%2BBasic%2BPreliminary%2BMembership&L_PAYMENTREQUEST_0_NUMBER0=BP&PAYMENTREQUEST_0_SELLERPAYPALACCOUNTID=AI+Club&PAYMENTREQUEST_1_PAYMENTREQUESTID=1&PAYMENTREQUEST_1_CURRENCYCODE=HKD&PAYMENTREQUEST_1_AMT=4300&PAYMENTREQUEST_1_ITEMAMT=4300&L_PAYMENTREQUEST_1_QTY0=1&L_PAYMENTREQUEST_1_AMT0=4300&L_PAYMENTREQUEST_1_NAME0=AI%2BClub%2BUpgraded%2BPreliminary%2BMembership%2B%2528IQ%2BTest%2BEdition%2529&L_PAYMENTREQUEST_1_NUMBER0=IQ&PAYMENTREQUEST_1_SELLERPAYPALACCOUNTID=AI+Club&METHOD=SetExpressCheckout&AMT=4599&ALLOWNOTE=1', '2013-09-02 14:58:59'),
(115, 18, 'Payment sent', '&USER=info_api1.athenaintellects.com&PWD=Y2LBLJ8GVWZ8ZM5G&SIGNATURE=AFcWxV21C7fd0v3bYYYRCpSSRl31AaAXgh2bZMTxObPeX6WG2I3J6YYF&VERSION=93&PAYMENTACTION=Sale&IPADDRESS=192.168.1.67&CURRENCYCODE=HKD&RETURNURL=http%3A%2F%2F125.63.74.122%2Faiclub%2Findex.php%3Fmodel%3Dmember%26action%3Dpaid&CANCELURL=http%3A%2F%2F125.63.74.122%2Faiclub%2Findex.php%3Fmodel%3Dmember%26action%3Dcancel&SOLUTIONTYPE=Sole&LANDINGPAGE=Billing&PAYMENTREQUEST_0_PAYMENTREQUESTID=0&PAYMENTREQUEST_0_CURRENCYCODE=HKD&PAYMENTREQUEST_0_AMT=299&PAYMENTREQUEST_0_ITEMAMT=299&L_PAYMENTREQUEST_0_QTY0=1&L_PAYMENTREQUEST_0_AMT0=299&L_PAYMENTREQUEST_0_NAME0=AI%2BClub%2BBasic%2BPreliminary%2BMembership&L_PAYMENTREQUEST_0_NUMBER0=BP&PAYMENTREQUEST_0_SELLERPAYPALACCOUNTID=AI+Club&PAYMENTREQUEST_1_PAYMENTREQUESTID=1&PAYMENTREQUEST_1_CURRENCYCODE=HKD&PAYMENTREQUEST_1_AMT=4300&PAYMENTREQUEST_1_ITEMAMT=4300&L_PAYMENTREQUEST_1_QTY0=1&L_PAYMENTREQUEST_1_AMT0=4300&L_PAYMENTREQUEST_1_NAME0=AI%2BClub%2BUpgraded%2BPreliminary%2BMembership%2B%2528IQ%2BTest%2BEdition%2529&L_PAYMENTREQUEST_1_NUMBER0=IQ&PAYMENTREQUEST_1_SELLERPAYPALACCOUNTID=AI+Club&METHOD=SetExpressCheckout&AMT=4599&ALLOWNOTE=1', '2013-09-02 14:59:04'),
(116, 18, 'Payment Response', 'TIMESTAMP=2013%2d09%2d02T09%3a29%3a04Z&CORRELATIONID=aadac40fa3dbb&ACK=Failure&VERSION=93&BUILD=7539191&L_ERRORCODE0=10002&L_SHORTMESSAGE0=Security%20error&L_LONGMESSAGE0=Security%20header%20is%20not%20valid&L_SEVERITYCODE0=Error', '2013-09-02 14:59:04'),
(117, 18, 'Payment Initialize', 'a:11:{s:4:"USER";s:30:"info_api1.athenaintellects.com";s:3:"PWD";s:16:"Y2LBLJ8GVWZ8ZM5G";s:9:"SIGNATURE";s:56:"AFcWxV21C7fd0v3bYYYRCpSSRl31AaAXgh2bZMTxObPeX6WG2I3J6YYF";s:7:"VERSION";s:2:"93";s:13:"PAYMENTACTION";s:4:"Sale";s:9:"IPADDRESS";s:12:"192.168.1.67";s:12:"CURRENCYCODE";s:3:"HKD";s:9:"RETURNURL";s:62:"http://125.63.74.122/aiclub/index.php?model=member&action=paid";s:9:"CANCELURL";s:64:"http://125.63.74.122/aiclub/index.php?model=member&action=cancel";s:12:"SOLUTIONTYPE";s:4:"Sole";s:11:"LANDINGPAGE";s:7:"Billing";}', '2013-09-02 15:00:12'),
(118, 18, 'Ready To payment', '&USER=info_api1.athenaintellects.com&PWD=Y2LBLJ8GVWZ8ZM5G&SIGNATURE=AFcWxV21C7fd0v3bYYYRCpSSRl31AaAXgh2bZMTxObPeX6WG2I3J6YYF&VERSION=93&PAYMENTACTION=Sale&IPADDRESS=192.168.1.67&CURRENCYCODE=HKD&RETURNURL=http%3A%2F%2F125.63.74.122%2Faiclub%2Findex.php%3Fmodel%3Dmember%26action%3Dpaid&CANCELURL=http%3A%2F%2F125.63.74.122%2Faiclub%2Findex.php%3Fmodel%3Dmember%26action%3Dcancel&SOLUTIONTYPE=Sole&LANDINGPAGE=Billing&PAYMENTREQUEST_0_PAYMENTREQUESTID=0&PAYMENTREQUEST_0_CURRENCYCODE=HKD&PAYMENTREQUEST_0_AMT=299&PAYMENTREQUEST_0_ITEMAMT=299&L_PAYMENTREQUEST_0_QTY0=1&L_PAYMENTREQUEST_0_AMT0=299&L_PAYMENTREQUEST_0_NAME0=AI%2BClub%2BBasic%2BPreliminary%2BMembership&L_PAYMENTREQUEST_0_NUMBER0=BP&PAYMENTREQUEST_0_SELLERPAYPALACCOUNTID=AI+Club&PAYMENTREQUEST_1_PAYMENTREQUESTID=1&PAYMENTREQUEST_1_CURRENCYCODE=HKD&PAYMENTREQUEST_1_AMT=4300&PAYMENTREQUEST_1_ITEMAMT=4300&L_PAYMENTREQUEST_1_QTY0=1&L_PAYMENTREQUEST_1_AMT0=4300&L_PAYMENTREQUEST_1_NAME0=AI%2BClub%2BUpgraded%2BPreliminary%2BMembership%2B%2528IQ%2BTest%2BEdition%2529&L_PAYMENTREQUEST_1_NUMBER0=IQ&PAYMENTREQUEST_1_SELLERPAYPALACCOUNTID=AI+Club&METHOD=SetExpressCheckout&AMT=4599&ALLOWNOTE=1', '2013-09-02 15:00:12'),
(119, 18, 'Payment sent', '&USER=info_api1.athenaintellects.com&PWD=Y2LBLJ8GVWZ8ZM5G&SIGNATURE=AFcWxV21C7fd0v3bYYYRCpSSRl31AaAXgh2bZMTxObPeX6WG2I3J6YYF&VERSION=93&PAYMENTACTION=Sale&IPADDRESS=192.168.1.67&CURRENCYCODE=HKD&RETURNURL=http%3A%2F%2F125.63.74.122%2Faiclub%2Findex.php%3Fmodel%3Dmember%26action%3Dpaid&CANCELURL=http%3A%2F%2F125.63.74.122%2Faiclub%2Findex.php%3Fmodel%3Dmember%26action%3Dcancel&SOLUTIONTYPE=Sole&LANDINGPAGE=Billing&PAYMENTREQUEST_0_PAYMENTREQUESTID=0&PAYMENTREQUEST_0_CURRENCYCODE=HKD&PAYMENTREQUEST_0_AMT=299&PAYMENTREQUEST_0_ITEMAMT=299&L_PAYMENTREQUEST_0_QTY0=1&L_PAYMENTREQUEST_0_AMT0=299&L_PAYMENTREQUEST_0_NAME0=AI%2BClub%2BBasic%2BPreliminary%2BMembership&L_PAYMENTREQUEST_0_NUMBER0=BP&PAYMENTREQUEST_0_SELLERPAYPALACCOUNTID=AI+Club&PAYMENTREQUEST_1_PAYMENTREQUESTID=1&PAYMENTREQUEST_1_CURRENCYCODE=HKD&PAYMENTREQUEST_1_AMT=4300&PAYMENTREQUEST_1_ITEMAMT=4300&L_PAYMENTREQUEST_1_QTY0=1&L_PAYMENTREQUEST_1_AMT0=4300&L_PAYMENTREQUEST_1_NAME0=AI%2BClub%2BUpgraded%2BPreliminary%2BMembership%2B%2528IQ%2BTest%2BEdition%2529&L_PAYMENTREQUEST_1_NUMBER0=IQ&PAYMENTREQUEST_1_SELLERPAYPALACCOUNTID=AI+Club&METHOD=SetExpressCheckout&AMT=4599&ALLOWNOTE=1', '2013-09-02 15:00:18'),
(120, 18, 'Payment Response', 'TIMESTAMP=2013%2d09%2d02T09%3a30%3a18Z&CORRELATIONID=240bdb2ba1c91&ACK=Failure&VERSION=93&BUILD=7539191&L_ERRORCODE0=10002&L_SHORTMESSAGE0=Security%20error&L_LONGMESSAGE0=Security%20header%20is%20not%20valid&L_SEVERITYCODE0=Error', '2013-09-02 15:00:18'),
(121, 18, 'Payment Initialize', 'a:11:{s:4:"USER";s:30:"info_api1.athenaintellects.com";s:3:"PWD";s:16:"Y2LBLJ8GVWZ8ZM5G";s:9:"SIGNATURE";s:56:"AFcWxV21C7fd0v3bYYYRCpSSRl31AaAXgh2bZMTxObPeX6WG2I3J6YYF";s:7:"VERSION";s:2:"93";s:13:"PAYMENTACTION";s:4:"Sale";s:9:"IPADDRESS";s:12:"192.168.1.67";s:12:"CURRENCYCODE";s:3:"HKD";s:9:"RETURNURL";s:62:"http://125.63.74.122/aiclub/index.php?model=member&action=paid";s:9:"CANCELURL";s:64:"http://125.63.74.122/aiclub/index.php?model=member&action=cancel";s:12:"SOLUTIONTYPE";s:4:"Sole";s:11:"LANDINGPAGE";s:7:"Billing";}', '2013-09-02 15:00:19'),
(122, 18, 'Ready To payment', '&USER=info_api1.athenaintellects.com&PWD=Y2LBLJ8GVWZ8ZM5G&SIGNATURE=AFcWxV21C7fd0v3bYYYRCpSSRl31AaAXgh2bZMTxObPeX6WG2I3J6YYF&VERSION=93&PAYMENTACTION=Sale&IPADDRESS=192.168.1.67&CURRENCYCODE=HKD&RETURNURL=http%3A%2F%2F125.63.74.122%2Faiclub%2Findex.php%3Fmodel%3Dmember%26action%3Dpaid&CANCELURL=http%3A%2F%2F125.63.74.122%2Faiclub%2Findex.php%3Fmodel%3Dmember%26action%3Dcancel&SOLUTIONTYPE=Sole&LANDINGPAGE=Billing&PAYMENTREQUEST_0_PAYMENTREQUESTID=0&PAYMENTREQUEST_0_CURRENCYCODE=HKD&PAYMENTREQUEST_0_AMT=299&PAYMENTREQUEST_0_ITEMAMT=299&L_PAYMENTREQUEST_0_QTY0=1&L_PAYMENTREQUEST_0_AMT0=299&L_PAYMENTREQUEST_0_NAME0=AI%2BClub%2BBasic%2BPreliminary%2BMembership&L_PAYMENTREQUEST_0_NUMBER0=BP&PAYMENTREQUEST_0_SELLERPAYPALACCOUNTID=AI+Club&PAYMENTREQUEST_1_PAYMENTREQUESTID=1&PAYMENTREQUEST_1_CURRENCYCODE=HKD&PAYMENTREQUEST_1_AMT=4300&PAYMENTREQUEST_1_ITEMAMT=4300&L_PAYMENTREQUEST_1_QTY0=1&L_PAYMENTREQUEST_1_AMT0=4300&L_PAYMENTREQUEST_1_NAME0=AI%2BClub%2BUpgraded%2BPreliminary%2BMembership%2B%2528IQ%2BTest%2BEdition%2529&L_PAYMENTREQUEST_1_NUMBER0=IQ&PAYMENTREQUEST_1_SELLERPAYPALACCOUNTID=AI+Club&METHOD=SetExpressCheckout&AMT=4599&ALLOWNOTE=1', '2013-09-02 15:00:19'),
(123, 18, 'Payment sent', '&USER=info_api1.athenaintellects.com&PWD=Y2LBLJ8GVWZ8ZM5G&SIGNATURE=AFcWxV21C7fd0v3bYYYRCpSSRl31AaAXgh2bZMTxObPeX6WG2I3J6YYF&VERSION=93&PAYMENTACTION=Sale&IPADDRESS=192.168.1.67&CURRENCYCODE=HKD&RETURNURL=http%3A%2F%2F125.63.74.122%2Faiclub%2Findex.php%3Fmodel%3Dmember%26action%3Dpaid&CANCELURL=http%3A%2F%2F125.63.74.122%2Faiclub%2Findex.php%3Fmodel%3Dmember%26action%3Dcancel&SOLUTIONTYPE=Sole&LANDINGPAGE=Billing&PAYMENTREQUEST_0_PAYMENTREQUESTID=0&PAYMENTREQUEST_0_CURRENCYCODE=HKD&PAYMENTREQUEST_0_AMT=299&PAYMENTREQUEST_0_ITEMAMT=299&L_PAYMENTREQUEST_0_QTY0=1&L_PAYMENTREQUEST_0_AMT0=299&L_PAYMENTREQUEST_0_NAME0=AI%2BClub%2BBasic%2BPreliminary%2BMembership&L_PAYMENTREQUEST_0_NUMBER0=BP&PAYMENTREQUEST_0_SELLERPAYPALACCOUNTID=AI+Club&PAYMENTREQUEST_1_PAYMENTREQUESTID=1&PAYMENTREQUEST_1_CURRENCYCODE=HKD&PAYMENTREQUEST_1_AMT=4300&PAYMENTREQUEST_1_ITEMAMT=4300&L_PAYMENTREQUEST_1_QTY0=1&L_PAYMENTREQUEST_1_AMT0=4300&L_PAYMENTREQUEST_1_NAME0=AI%2BClub%2BUpgraded%2BPreliminary%2BMembership%2B%2528IQ%2BTest%2BEdition%2529&L_PAYMENTREQUEST_1_NUMBER0=IQ&PAYMENTREQUEST_1_SELLERPAYPALACCOUNTID=AI+Club&METHOD=SetExpressCheckout&AMT=4599&ALLOWNOTE=1', '2013-09-02 15:00:21'),
(124, 18, 'Payment Response', 'TIMESTAMP=2013%2d09%2d02T09%3a30%3a21Z&CORRELATIONID=d89bdcb0f2538&ACK=Failure&VERSION=93&BUILD=7539191&L_ERRORCODE0=10002&L_SHORTMESSAGE0=Security%20error&L_LONGMESSAGE0=Security%20header%20is%20not%20valid&L_SEVERITYCODE0=Error', '2013-09-02 15:00:21'),
(125, 18, 'Payment Initialize', 'a:11:{s:4:"USER";s:30:"info_api1.athenaintellects.com";s:3:"PWD";s:16:"Y2LBLJ8GVWZ8ZM5G";s:9:"SIGNATURE";s:56:"AFcWxV21C7fd0v3bYYYRCpSSRl31AaAXgh2bZMTxObPeX6WG2I3J6YYF";s:7:"VERSION";s:2:"93";s:13:"PAYMENTACTION";s:4:"Sale";s:9:"IPADDRESS";s:12:"192.168.1.67";s:12:"CURRENCYCODE";s:3:"HKD";s:9:"RETURNURL";s:62:"http://125.63.74.122/aiclub/index.php?model=member&action=paid";s:9:"CANCELURL";s:64:"http://125.63.74.122/aiclub/index.php?model=member&action=cancel";s:12:"SOLUTIONTYPE";s:4:"Sole";s:11:"LANDINGPAGE";s:7:"Billing";}', '2013-09-02 15:01:27'),
(126, 18, 'Ready To payment', '&USER=info_api1.athenaintellects.com&PWD=Y2LBLJ8GVWZ8ZM5G&SIGNATURE=AFcWxV21C7fd0v3bYYYRCpSSRl31AaAXgh2bZMTxObPeX6WG2I3J6YYF&VERSION=93&PAYMENTACTION=Sale&IPADDRESS=192.168.1.67&CURRENCYCODE=HKD&RETURNURL=http%3A%2F%2F125.63.74.122%2Faiclub%2Findex.php%3Fmodel%3Dmember%26action%3Dpaid&CANCELURL=http%3A%2F%2F125.63.74.122%2Faiclub%2Findex.php%3Fmodel%3Dmember%26action%3Dcancel&SOLUTIONTYPE=Sole&LANDINGPAGE=Billing&PAYMENTREQUEST_0_PAYMENTREQUESTID=0&PAYMENTREQUEST_0_CURRENCYCODE=HKD&PAYMENTREQUEST_0_AMT=299&PAYMENTREQUEST_0_ITEMAMT=299&L_PAYMENTREQUEST_0_QTY0=1&L_PAYMENTREQUEST_0_AMT0=299&L_PAYMENTREQUEST_0_NAME0=AI%2BClub%2BBasic%2BPreliminary%2BMembership&L_PAYMENTREQUEST_0_NUMBER0=BP&PAYMENTREQUEST_0_SELLERPAYPALACCOUNTID=AI+Club&PAYMENTREQUEST_1_PAYMENTREQUESTID=1&PAYMENTREQUEST_1_CURRENCYCODE=HKD&PAYMENTREQUEST_1_AMT=4300&PAYMENTREQUEST_1_ITEMAMT=4300&L_PAYMENTREQUEST_1_QTY0=1&L_PAYMENTREQUEST_1_AMT0=4300&L_PAYMENTREQUEST_1_NAME0=AI%2BClub%2BUpgraded%2BPreliminary%2BMembership%2B%2528IQ%2BTest%2BEdition%2529&L_PAYMENTREQUEST_1_NUMBER0=IQ&PAYMENTREQUEST_1_SELLERPAYPALACCOUNTID=AI+Club&METHOD=SetExpressCheckout&AMT=4599&ALLOWNOTE=1', '2013-09-02 15:01:27'),
(127, 18, 'Payment sent', '&USER=info_api1.athenaintellects.com&PWD=Y2LBLJ8GVWZ8ZM5G&SIGNATURE=AFcWxV21C7fd0v3bYYYRCpSSRl31AaAXgh2bZMTxObPeX6WG2I3J6YYF&VERSION=93&PAYMENTACTION=Sale&IPADDRESS=192.168.1.67&CURRENCYCODE=HKD&RETURNURL=http%3A%2F%2F125.63.74.122%2Faiclub%2Findex.php%3Fmodel%3Dmember%26action%3Dpaid&CANCELURL=http%3A%2F%2F125.63.74.122%2Faiclub%2Findex.php%3Fmodel%3Dmember%26action%3Dcancel&SOLUTIONTYPE=Sole&LANDINGPAGE=Billing&PAYMENTREQUEST_0_PAYMENTREQUESTID=0&PAYMENTREQUEST_0_CURRENCYCODE=HKD&PAYMENTREQUEST_0_AMT=299&PAYMENTREQUEST_0_ITEMAMT=299&L_PAYMENTREQUEST_0_QTY0=1&L_PAYMENTREQUEST_0_AMT0=299&L_PAYMENTREQUEST_0_NAME0=AI%2BClub%2BBasic%2BPreliminary%2BMembership&L_PAYMENTREQUEST_0_NUMBER0=BP&PAYMENTREQUEST_0_SELLERPAYPALACCOUNTID=AI+Club&PAYMENTREQUEST_1_PAYMENTREQUESTID=1&PAYMENTREQUEST_1_CURRENCYCODE=HKD&PAYMENTREQUEST_1_AMT=4300&PAYMENTREQUEST_1_ITEMAMT=4300&L_PAYMENTREQUEST_1_QTY0=1&L_PAYMENTREQUEST_1_AMT0=4300&L_PAYMENTREQUEST_1_NAME0=AI%2BClub%2BUpgraded%2BPreliminary%2BMembership%2B%2528IQ%2BTest%2BEdition%2529&L_PAYMENTREQUEST_1_NUMBER0=IQ&PAYMENTREQUEST_1_SELLERPAYPALACCOUNTID=AI+Club&METHOD=SetExpressCheckout&AMT=4599&ALLOWNOTE=1', '2013-09-02 15:01:37'),
(128, 18, 'Payment Response', 'TOKEN=EC%2d877218565L532893K&TIMESTAMP=2013%2d09%2d02T09%3a31%3a36Z&CORRELATIONID=7c6b936c9f163&ACK=Success&VERSION=93&BUILD=7539191', '2013-09-02 15:01:37'),
(129, 18, 'Paypal Redirect', 'https://www.paypal.com/cgi-bin/webscr?cmd=_express-checkout&token=EC-877218565L532893K', '2013-09-02 15:01:37'),
(130, 19, 'Payment Initialize', 'a:11:{s:4:"USER";s:30:"info_api1.athenaintellects.com";s:3:"PWD";s:16:"Y2LBLJ8GVWZ8ZM5G";s:9:"SIGNATURE";s:56:"AFcWxV21C7fd0v3bYYYRCpSSRl31AaAXgh2bZMTxObPeX6WG2I3J6YYF";s:7:"VERSION";s:2:"93";s:13:"PAYMENTACTION";s:4:"Sale";s:9:"IPADDRESS";s:12:"192.168.1.67";s:12:"CURRENCYCODE";s:3:"HKD";s:9:"RETURNURL";s:62:"http://125.63.74.122/aiclub/index.php?model=member&action=paid";s:9:"CANCELURL";s:64:"http://125.63.74.122/aiclub/index.php?model=member&action=cancel";s:12:"SOLUTIONTYPE";s:4:"Sole";s:11:"LANDINGPAGE";s:7:"Billing";}', '2013-09-02 15:11:39'),
(131, 19, 'Ready To payment', '&USER=info_api1.athenaintellects.com&PWD=Y2LBLJ8GVWZ8ZM5G&SIGNATURE=AFcWxV21C7fd0v3bYYYRCpSSRl31AaAXgh2bZMTxObPeX6WG2I3J6YYF&VERSION=93&PAYMENTACTION=Sale&IPADDRESS=192.168.1.67&CURRENCYCODE=HKD&RETURNURL=http%3A%2F%2F125.63.74.122%2Faiclub%2Findex.php%3Fmodel%3Dmember%26action%3Dpaid&CANCELURL=http%3A%2F%2F125.63.74.122%2Faiclub%2Findex.php%3Fmodel%3Dmember%26action%3Dcancel&SOLUTIONTYPE=Sole&LANDINGPAGE=Billing&PAYMENTREQUEST_0_PAYMENTREQUESTID=0&PAYMENTREQUEST_0_CURRENCYCODE=HKD&PAYMENTREQUEST_0_AMT=299&PAYMENTREQUEST_0_ITEMAMT=299&L_PAYMENTREQUEST_0_QTY0=1&L_PAYMENTREQUEST_0_AMT0=299&L_PAYMENTREQUEST_0_NAME0=AI%2BClub%2BBasic%2BPreliminary%2BMembership&L_PAYMENTREQUEST_0_NUMBER0=BP&PAYMENTREQUEST_0_SELLERPAYPALACCOUNTID=AI+Club&PAYMENTREQUEST_1_PAYMENTREQUESTID=1&PAYMENTREQUEST_1_CURRENCYCODE=HKD&PAYMENTREQUEST_1_AMT=4300&PAYMENTREQUEST_1_ITEMAMT=4300&L_PAYMENTREQUEST_1_QTY0=1&L_PAYMENTREQUEST_1_AMT0=4300&L_PAYMENTREQUEST_1_NAME0=AI%2BClub%2BUpgraded%2BPreliminary%2BMembership%2B%2528IQ%2BTest%2BEdition%2529&L_PAYMENTREQUEST_1_NUMBER0=IQ&PAYMENTREQUEST_1_SELLERPAYPALACCOUNTID=AI+Club&METHOD=SetExpressCheckout&AMT=4599&ALLOWNOTE=1', '2013-09-02 15:11:39'),
(132, 19, 'Payment sent', '&USER=info_api1.athenaintellects.com&PWD=Y2LBLJ8GVWZ8ZM5G&SIGNATURE=AFcWxV21C7fd0v3bYYYRCpSSRl31AaAXgh2bZMTxObPeX6WG2I3J6YYF&VERSION=93&PAYMENTACTION=Sale&IPADDRESS=192.168.1.67&CURRENCYCODE=HKD&RETURNURL=http%3A%2F%2F125.63.74.122%2Faiclub%2Findex.php%3Fmodel%3Dmember%26action%3Dpaid&CANCELURL=http%3A%2F%2F125.63.74.122%2Faiclub%2Findex.php%3Fmodel%3Dmember%26action%3Dcancel&SOLUTIONTYPE=Sole&LANDINGPAGE=Billing&PAYMENTREQUEST_0_PAYMENTREQUESTID=0&PAYMENTREQUEST_0_CURRENCYCODE=HKD&PAYMENTREQUEST_0_AMT=299&PAYMENTREQUEST_0_ITEMAMT=299&L_PAYMENTREQUEST_0_QTY0=1&L_PAYMENTREQUEST_0_AMT0=299&L_PAYMENTREQUEST_0_NAME0=AI%2BClub%2BBasic%2BPreliminary%2BMembership&L_PAYMENTREQUEST_0_NUMBER0=BP&PAYMENTREQUEST_0_SELLERPAYPALACCOUNTID=AI+Club&PAYMENTREQUEST_1_PAYMENTREQUESTID=1&PAYMENTREQUEST_1_CURRENCYCODE=HKD&PAYMENTREQUEST_1_AMT=4300&PAYMENTREQUEST_1_ITEMAMT=4300&L_PAYMENTREQUEST_1_QTY0=1&L_PAYMENTREQUEST_1_AMT0=4300&L_PAYMENTREQUEST_1_NAME0=AI%2BClub%2BUpgraded%2BPreliminary%2BMembership%2B%2528IQ%2BTest%2BEdition%2529&L_PAYMENTREQUEST_1_NUMBER0=IQ&PAYMENTREQUEST_1_SELLERPAYPALACCOUNTID=AI+Club&METHOD=SetExpressCheckout&AMT=4599&ALLOWNOTE=1', '2013-09-02 15:11:50'),
(133, 19, 'Payment Response', 'TOKEN=EC%2d0C30300849734822G&TIMESTAMP=2013%2d09%2d02T09%3a41%3a49Z&CORRELATIONID=2d2d489cbc112&ACK=Success&VERSION=93&BUILD=7539191', '2013-09-02 15:11:50'),
(134, 19, 'Paypal Redirect', 'https://www.paypal.com/cgi-bin/webscr?cmd=_express-checkout&token=EC-0C30300849734822G', '2013-09-02 15:11:50');

-- --------------------------------------------------------

--
-- Table structure for table `users`
--

CREATE TABLE IF NOT EXISTS `users` (
  `id` int(10) NOT NULL AUTO_INCREMENT,
  `userid` varchar(50) DEFAULT NULL,
  `password` varchar(50) DEFAULT NULL,
  `role` int(10) DEFAULT NULL,
  `status` varchar(50) DEFAULT NULL,
  `created_datetime` datetime DEFAULT NULL,
  PRIMARY KEY (`id`)
) ENGINE=MyISAM  DEFAULT CHARSET=latin1 AUTO_INCREMENT=7 ;

--
-- Dumping data for table `users`
--

INSERT INTO `users` (`id`, `userid`, `password`, `role`, `status`, `created_datetime`) VALUES
(2, 'admin', '21232f297a57a5a743894a0e4a801fc3', 1, 'active', '2013-07-22 00:00:00'),
(3, 'louis', '4684c65444a995936ee0cf3f99bb15e6', 2, 'active', '2013-07-23 00:00:00'),
(5, 'vinay', '5a8eaa3e637f51ba3f9df03355d7bc08', 3, 'active', '2013-07-23 00:00:00'),
(6, 'clerk', '34776981fa47aa6cf3f2915d11bae051', 4, 'active', '2013-07-23 00:00:00');

-- --------------------------------------------------------

--
-- Table structure for table `user_role`
--

CREATE TABLE IF NOT EXISTS `user_role` (
  `id` int(10) NOT NULL AUTO_INCREMENT,
  `user_type` varchar(50) DEFAULT NULL,
  PRIMARY KEY (`id`)
) ENGINE=MyISAM  DEFAULT CHARSET=latin1 AUTO_INCREMENT=5 ;

--
-- Dumping data for table `user_role`
--

INSERT INTO `user_role` (`id`, `user_type`) VALUES
(1, 'admin'),
(2, 'manager'),
(3, 'sales'),
(4, 'clerk');
